weight_config,w_err,w_tfp,w_rp_pen,algo_index,problem_statement,processing_status,processing_time,total_iterations,converged,v1_verdict,v2_verdict,overall_score,crs_final,err_final,rp_final,tfp_final,errors_fixed,errors_introduced,net_improvement,total_errors_v1,total_errors_final
werr0.20_wrp0.00,0.2,0.8,0.0,0,The algorithm maintains two sequences x_k and y_k. Update: y_k = x_k + beta_k(x_,COMPLETED,109.32,1,True,PASS,PASS,5,1.0,0.0,0.0,1.0,0,0,0,0,0
werr0.20_wrp0.00,0.2,0.8,0.0,1,The algorithm maintains two sequences x_k and y_k. Update: y_k = x_k + beta_k(x_,COMPLETED,78.23,1,True,PASS,PASS,5,1.0,0.0,0.0,1.0,0,0,0,0,0
werr0.20_wrp0.00,0.2,0.8,0.0,2,The algorithm maintains two sequences x_k and y_k. Update: y_k = x_k + beta_k(x_,COMPLETED,191.35,2,True,FAIL,PASS,5,1.0,1.0,0.0,1.0,1,0,1,1,0
werr0.20_wrp0.00,0.2,0.8,0.0,3,"The algorithm updates parameters via x_{k+1} = argmin_x { <grad(f)(x_k), x> + (1",COMPLETED,107.19,1,True,PASS,PASS,5,1.0,0.0,0.0,1.0,0,0,0,0,0
werr0.20_wrp0.00,0.2,0.8,0.0,4,"The algorithm updates parameters via x_{k+1} = argmin_x { <grad(f)(x_k), x> + (1",COMPLETED,203.94,2,True,CONDITIONAL,PASS,5,1.0,1.0,0.0,1.0,1,0,1,1,0
werr0.20_wrp0.00,0.2,0.8,0.0,5,The algorithm uses a double-loop structure. Outer loop updates full gradient. In,COMPLETED,92.74,1,True,PASS,PASS,5,1.0,0.0,0.0,1.0,0,0,0,0,0
werr0.20_wrp0.00,0.2,0.8,0.0,6,The algorithm uses a double-loop structure. Outer loop updates full gradient. In,COMPLETED,69.34,1,True,PASS,PASS,5,1.0,0.0,0.0,1.0,0,0,0,0,0
werr0.20_wrp0.00,0.2,0.8,0.0,7,The algorithm uses a double-loop structure. Outer loop updates full gradient. In,COMPLETED,143.35,1,True,PASS,PASS,5,1.0,0.0,0.0,1.0,0,0,0,0,0
werr0.20_wrp0.00,0.2,0.8,0.0,8,The algorithm maintains a table of past gradients phi_i. Update: x_{k+1} = x_k -,COMPLETED,73.3,1,True,PASS_MINOR,PASS_MINOR,4,0.8,0.0,0.0,1.0,0,0,0,0,0
werr0.20_wrp0.00,0.2,0.8,0.0,9,The algorithm maintains a table of past gradients phi_i. Update: x_{k+1} = x_k -,COMPLETED,106.87,1,False,FAIL,FAIL,2,0.4,0.0,0.0,1.0,0,0,0,0,0
werr0.20_wrp0.00,0.2,0.8,0.0,10,The algorithm maintains a recursive variance estimator v_t = (1-alpha)v_{t-1} + ,COMPLETED,77.08,1,True,PASS,PASS,5,1.0,0.0,0.0,1.0,0,0,0,0,0
werr0.20_wrp0.00,0.2,0.8,0.0,11,The algorithm maintains a recursive variance estimator v_t = (1-alpha)v_{t-1} + ,COMPLETED,59.88,1,True,PASS,PASS,5,1.0,0.0,0.0,1.0,0,0,0,0,0
werr0.20_wrp0.00,0.2,0.8,0.0,12,The algorithm maintains exponential moving averages m_t and v_t. Update includes,COMPLETED,104.49,1,True,PASS,PASS,5,1.0,0.0,0.0,1.0,0,0,0,0,0
werr0.20_wrp0.00,0.2,0.8,0.0,13,The algorithm maintains exponential moving averages m_t and v_t. Update includes,COMPLETED,129.04,1,True,PASS,PASS,5,1.0,0.0,0.0,1.0,0,0,0,0,0
werr0.20_wrp0.00,0.2,0.8,0.0,14,The algorithm updates parameters using only the sign of the gradient: x_{k+1} = ,COMPLETED,208.07,2,True,CONDITIONAL,PASS,5,1.0,1.0,0.0,1.0,0,0,0,0,0
werr0.20_wrp0.00,0.2,0.8,0.0,15,The algorithm updates parameters using only the sign of the gradient: x_{k+1} = ,COMPLETED,103.64,1,True,PASS_MINOR,PASS_MINOR,4,0.54,0.0,0.0,1.0,0,1,-1,1,1
werr0.20_wrp0.00,0.2,0.8,0.0,16,The algorithm performs local SGD steps on K clients for E epochs before averagin,COMPLETED,77.96,1,True,PASS,PASS,5,1.0,0.0,0.0,1.0,0,0,0,0,0
werr0.20_wrp0.00,0.2,0.8,0.0,17,The algorithm performs local SGD steps on K clients for E epochs before averagin,COMPLETED,83.58,1,True,PASS,PASS,5,1.0,0.0,0.0,1.0,0,0,0,0,0
werr0.20_wrp0.00,0.2,0.8,0.0,18,The algorithm performs local SGD steps on K clients for E epochs. Clients minimi,COMPLETED,74.28,1,True,PASS,PASS,5,1.0,0.0,0.0,1.0,0,0,0,0,0
werr0.20_wrp0.00,0.2,0.8,0.0,19,The algorithm performs local SGD steps on K clients for E epochs. Clients minimi,COMPLETED,149.1,1,False,CONDITIONAL,CONDITIONAL,3,0.6,0.0,0.0,1.0,0,0,0,0,0
werr0.20_wrp0.00,0.2,0.8,0.0,20,The algorithm updates x_{k+1} = prox_{eta*g}(x_k - eta * grad(f)(x_k)). Proof mu,COMPLETED,90.7,1,True,PASS,PASS,5,1.0,0.0,0.0,1.0,0,0,0,0,0
werr0.20_wrp0.00,0.2,0.8,0.0,21,The algorithm updates x_{k+1} = prox_{eta*g}(x_k - eta * grad(f)(x_k)). Proof mu,COMPLETED,86.29,1,True,PASS,PASS,5,1.0,0.0,0.0,1.0,0,0,0,0,0
werr0.20_wrp0.00,0.2,0.8,0.0,22,The algorithm updates x_{k+1} = prox_{eta*g}(x_k - eta * grad(f)(x_k)). Proof mu,COMPLETED,75.52,1,True,PASS,PASS,5,1.0,0.0,0.0,1.0,0,0,0,0,0
werr0.20_wrp0.00,0.2,0.8,0.0,23,The algorithm updates x_{k+1} = prox_{eta*g}(x_k - eta * grad(f)(x_k)). Proof mu,COMPLETED,57.47,1,True,PASS,PASS,5,1.0,0.0,0.0,1.0,0,0,0,0,0
werr0.20_wrp0.00,0.2,0.8,0.0,24,The algorithm updates x_{k+1} = prox_{eta*g}(x_k - eta * grad(f)(x_k)). Uses mom,COMPLETED,70.91,1,True,PASS,PASS,5,1.0,0.0,0.0,1.0,0,0,0,0,0
werr0.20_wrp0.00,0.2,0.8,0.0,25,The algorithm updates x_{k+1} = prox_{eta*g}(x_k - eta * grad(f)(x_k)). Uses mom,COMPLETED,83.02,1,True,PASS,PASS,5,1.0,0.0,0.0,1.0,0,0,0,0,0
werr0.20_wrp0.00,0.2,0.8,0.0,26,The algorithm selects coordinate i_k with probability p_i. Update only affects c,COMPLETED,192.89,2,True,CONDITIONAL,PASS,5,1.0,1.0,0.0,1.0,0,0,0,0,0
werr0.20_wrp0.00,0.2,0.8,0.0,27,The algorithm selects coordinate i_k with probability p_i. Update only affects c,COMPLETED,75.48,1,True,PASS,PASS,5,1.0,0.0,0.0,1.0,0,0,0,0,0
werr0.20_wrp0.00,0.2,0.8,0.0,28,The algorithm selects coordinate i_k with probability p_i. Update only affects c,COMPLETED,82.04,1,True,PASS,PASS,5,1.0,0.0,0.0,1.0,0,0,0,0,0
werr0.20_wrp0.00,0.2,0.8,0.0,29,The algorithm updates x_{k+1} = x_k + beta(x_k - x_{k-1}) - alpha * grad(f)(x_k),COMPLETED,70.43,1,True,PASS,PASS,5,1.0,0.0,0.0,1.0,0,0,0,0,0
werr0.20_wrp0.00,0.2,0.8,0.0,30,The algorithm updates x_{k+1} = x_k + beta(x_k - x_{k-1}) - alpha * grad(f)(x_k),COMPLETED,79.82,1,True,PASS,PASS,5,1.0,0.0,0.0,1.0,0,0,0,0,0
werr0.20_wrp0.00,0.2,0.8,0.0,31,The algorithm solves linear minimization oracle s_k = argmin_{s in C} <grad(f)(x,COMPLETED,68.88,1,True,PASS,PASS,5,1.0,0.0,0.0,1.0,0,0,0,0,0
werr0.20_wrp0.00,0.2,0.8,0.0,32,The algorithm solves linear minimization oracle s_k = argmin_{s in C} <grad(f)(x,COMPLETED,67.57,1,True,PASS,PASS,5,1.0,0.0,0.0,1.0,0,0,0,0,0
werr0.20_wrp0.00,0.2,0.8,0.0,33,The algorithm solves linear minimization oracle s_k = argmin_{s in C} <grad(f)(x,COMPLETED,79.73,1,True,PASS_MINOR,PASS_MINOR,4,0.88,0.0,0.0,1.0,0,0,0,0,0
werr0.20_wrp0.00,0.2,0.8,0.0,34,"The algorithm clips gradients: g_t = grad(f)(x_t) / max(1, ||grad(f)(x_t)||/C). ",COMPLETED,152.53,1,True,PASS_MINOR,PASS_MINOR,4,0.88,0.0,0.0,1.0,0,0,0,0,0
werr0.20_wrp0.00,0.2,0.8,0.0,35,"The algorithm clips gradients: g_t = grad(f)(x_t) / max(1, ||grad(f)(x_t)||/C). ",COMPLETED,68.54,1,True,PASS,PASS,5,1.0,0.0,0.0,1.0,0,0,0,0,0
werr0.20_wrp0.00,0.2,0.8,0.0,36,The algorithm uses stochastic Hessian estimates H_t. Update: x_{k+1} = x_t - alp,COMPLETED,73.99,1,True,PASS,PASS,5,1.0,0.0,0.0,1.0,0,0,0,0,0
werr0.20_wrp0.00,0.2,0.8,0.0,37,The algorithm uses stochastic Hessian estimates H_t. Update: x_{k+1} = x_t - alp,COMPLETED,78.69,1,True,PASS_MINOR,PASS_MINOR,4,0.88,0.0,0.0,1.0,0,0,0,0,0
werr0.20_wrp0.00,0.2,0.8,0.0,38,The algorithm maintains dual variables y_k and primal x_k. Updates involve gradi,COMPLETED,74.95,1,True,PASS,PASS,5,1.0,0.0,0.0,1.0,0,0,0,0,0
werr0.20_wrp0.00,0.2,0.8,0.0,39,The algorithm maintains dual variables y_k and primal x_k. Updates involve gradi,COMPLETED,107.75,1,True,PASS,PASS,5,1.0,0.0,0.0,1.0,0,0,0,0,0
werr0.20_wrp0.00,0.2,0.8,0.0,40,"The algorithm minimizes max_x min_y L(x,y). Updates x via gradient ascent and y ",COMPLETED,77.25,1,True,PASS,PASS,5,1.0,0.0,0.0,1.0,0,0,0,0,0
werr0.20_wrp0.00,0.2,0.8,0.0,41,"The algorithm minimizes max_x min_y L(x,y). Updates x via gradient ascent and y ",COMPLETED,82.02,1,True,PASS,PASS,5,1.0,0.0,0.0,1.0,0,0,0,0,0
werr0.20_wrp0.00,0.2,0.8,0.0,42,"The algorithm minimizes max_x min_y L(x,y). Uses extra gradient step: x_{k+1/2} ",COMPLETED,76.66,1,True,PASS,PASS,5,1.0,0.0,0.0,1.0,0,0,0,0,0
werr0.20_wrp0.00,0.2,0.8,0.0,43,"The algorithm minimizes max_x min_y L(x,y). Uses optimistic update: uses gradien",COMPLETED,72.59,1,True,PASS,PASS,5,1.0,0.0,0.0,1.0,0,0,0,0,0
werr0.20_wrp0.00,0.2,0.8,0.0,44,The algorithm adds Gaussian noise to gradients at each step: g_t = grad(f)(x_t) ,COMPLETED,72.53,1,True,PASS,PASS,5,1.0,0.0,0.0,1.0,0,0,0,0,0
werr0.20_wrp0.00,0.2,0.8,0.0,45,The algorithm adds Gaussian noise to gradients at each step: g_t = grad(f)(x_t) ,COMPLETED,65.11,1,True,PASS,PASS,5,1.0,0.0,0.0,1.0,0,0,0,0,0
werr0.20_wrp0.00,0.2,0.8,0.0,46,The algorithm maintains a running average of gradients A_k = sum_{i=1}^k g_i. St,COMPLETED,81.87,1,True,PASS_MINOR,PASS_MINOR,4,0.6,0.0,0.0,1.0,0,1,-1,1,1
werr0.20_wrp0.00,0.2,0.8,0.0,47,The algorithm maintains a running average of gradients A_k = sum_{i=1}^k g_i. St,COMPLETED,102.96,1,True,PASS_MINOR,PASS_MINOR,4,1.0,0.0,0.0,1.0,0,0,0,0,0
werr0.20_wrp0.00,0.2,0.8,0.0,48,The algorithm maintains a running average of squared gradients v_t = beta * v_{t,COMPLETED,103.84,1,True,PASS_MINOR,PASS_MINOR,4,0.5333,0.0,0.0,1.0,0,2,-2,2,2
werr0.20_wrp0.00,0.2,0.8,0.0,49,The algorithm uses a trust region constraint ||x - x_k|| <= Delta. Solves subpro,COMPLETED,98.54,1,True,PASS,PASS,5,1.0,0.0,0.0,1.0,0,0,0,0,0
werr0.20_wrp0.00,0.2,0.8,0.0,50,The algorithm uses a trust region constraint ||x - x_k|| <= Delta. Solves subpro,COMPLETED,79.16,1,True,PASS,PASS,5,1.0,0.0,0.0,1.0,0,0,0,0,0
werr0.20_wrp0.00,0.2,0.8,0.0,51,The algorithm updates x_{k+1} = x_k - alpha * grad(f)(x_k) + noise_k. Noise vari,COMPLETED,69.85,1,True,PASS,PASS,5,1.0,0.0,0.0,1.0,0,0,0,0,0
werr0.20_wrp0.00,0.2,0.8,0.0,52,The algorithm updates x_{k+1} = x_k - alpha * grad(f)(x_k) + noise_k. Noise vari,COMPLETED,92.21,1,True,PASS,PASS,5,1.0,0.0,0.0,1.0,0,0,0,0,0
werr0.20_wrp0.00,0.2,0.8,0.0,53,The algorithm maintains a snapshot of weights every k steps. Uses interpolation ,COMPLETED,167.79,1,True,PASS,PASS,5,1.0,0.0,0.0,1.0,0,0,0,0,0
werr0.20_wrp0.00,0.2,0.8,0.0,54,The algorithm uses a cyclic learning rate schedule. Step size varies between eta,COMPLETED,171.02,2,True,FAIL,PASS,5,1.0,1.0,0.0,1.0,1,0,1,1,0
werr0.20_wrp0.00,0.2,0.8,0.0,55,The algorithm uses a warm restart schedule. Step size resets to eta_max every M ,COMPLETED,77.05,1,True,PASS_MINOR,PASS_MINOR,4,0.8,0.0,0.0,1.0,0,0,0,0,0
werr0.20_wrp0.00,0.2,0.8,0.0,56,The algorithm selects a random subset of coordinates at each step (block coordin,COMPLETED,82.99,1,True,PASS_MINOR,PASS_MINOR,4,0.8,0.0,0.0,1.0,0,0,0,0,0
werr0.20_wrp0.00,0.2,0.8,0.0,57,The algorithm selects a random subset of coordinates at each step (block coordin,COMPLETED,67.86,1,True,PASS,PASS,5,1.0,0.0,0.0,1.0,0,0,0,0,0
werr0.20_wrp0.00,0.2,0.8,0.0,58,The algorithm uses a quantized gradient operator Q(g) such that E[Q(g)] = g. Com,COMPLETED,88.19,1,True,PASS_MINOR,PASS_MINOR,4,0.88,0.0,0.0,1.0,0,0,0,0,0
werr0.20_wrp0.00,0.2,0.8,0.0,59,The algorithm uses a quantized gradient operator Q(g) such that E[Q(g)] = g. Com,COMPLETED,79.82,1,True,PASS,PASS,5,1.0,0.0,0.0,1.0,0,0,0,0,0
werr0.20_wrp0.00,0.2,0.8,0.0,60,The algorithm uses error feedback: stores quantization error e_k and adds it to ,COMPLETED,87.79,1,True,PASS,PASS,5,1.0,0.0,0.0,1.0,0,0,0,0,0
werr0.20_wrp0.00,0.2,0.8,0.0,61,The algorithm uses a sparse gradient operator: only top-K largest magnitude grad,COMPLETED,118.87,1,True,PASS,PASS,5,1.0,0.0,0.0,1.0,0,0,0,0,0
werr0.20_wrp0.00,0.2,0.8,0.0,62,The algorithm uses a sparse gradient operator: only top-K largest magnitude grad,COMPLETED,68.83,1,True,PASS,PASS,5,1.0,0.0,0.0,1.0,0,0,0,0,0
werr0.20_wrp0.20,0.2,0.8,0.2,0,The algorithm maintains two sequences x_k and y_k. Update: y_k = x_k + beta_k(x_,COMPLETED,115.71,1,True,PASS,PASS,5,1.0,0.0,0.0,1.0,0,0,0,0,0
werr0.20_wrp0.20,0.2,0.8,0.2,1,The algorithm maintains two sequences x_k and y_k. Update: y_k = x_k + beta_k(x_,COMPLETED,76.95,1,True,PASS,PASS,5,1.0,0.0,0.0,1.0,0,0,0,0,0
werr0.20_wrp0.20,0.2,0.8,0.2,2,The algorithm maintains two sequences x_k and y_k. Update: y_k = x_k + beta_k(x_,COMPLETED,66.03,1,True,PASS,PASS,5,1.0,0.0,0.0,1.0,0,0,0,0,0
werr0.20_wrp0.20,0.2,0.8,0.2,3,"The algorithm updates parameters via x_{k+1} = argmin_x { <grad(f)(x_k), x> + (1",COMPLETED,76.6,1,True,PASS,PASS,5,1.0,0.0,0.0,1.0,0,0,0,0,0
werr0.20_wrp0.20,0.2,0.8,0.2,4,"The algorithm updates parameters via x_{k+1} = argmin_x { <grad(f)(x_k), x> + (1",COMPLETED,88.37,1,True,PASS,PASS,5,1.0,0.0,0.0,1.0,0,0,0,0,0
werr0.20_wrp0.20,0.2,0.8,0.2,5,The algorithm uses a double-loop structure. Outer loop updates full gradient. In,COMPLETED,138.53,1,True,PASS,PASS,5,1.0,0.0,0.0,1.0,0,0,0,0,0
werr0.20_wrp0.20,0.2,0.8,0.2,6,The algorithm uses a double-loop structure. Outer loop updates full gradient. In,COMPLETED,87.11,1,True,PASS,PASS,5,1.0,0.0,0.0,1.0,0,0,0,0,0
werr0.20_wrp0.20,0.2,0.8,0.2,7,The algorithm uses a double-loop structure. Outer loop updates full gradient. In,COMPLETED,214.24,2,True,CONDITIONAL,PASS,5,1.0,1.0,0.0,1.0,0,0,0,0,0
werr0.20_wrp0.20,0.2,0.8,0.2,8,The algorithm maintains a table of past gradients phi_i. Update: x_{k+1} = x_k -,COMPLETED,83.47,1,True,PASS,PASS,5,1.0,0.0,0.0,1.0,0,0,0,0,0
werr0.20_wrp0.20,0.2,0.8,0.2,9,The algorithm maintains a table of past gradients phi_i. Update: x_{k+1} = x_k -,COMPLETED,89.69,1,True,PASS,PASS,5,1.0,0.0,0.0,1.0,0,0,0,0,0
werr0.20_wrp0.20,0.2,0.8,0.2,10,The algorithm maintains a recursive variance estimator v_t = (1-alpha)v_{t-1} + ,COMPLETED,74.53,1,True,PASS_MINOR,PASS_MINOR,4,0.6,0.0,0.0,1.0,0,1,-1,1,1
werr0.20_wrp0.20,0.2,0.8,0.2,11,The algorithm maintains a recursive variance estimator v_t = (1-alpha)v_{t-1} + ,COMPLETED,77.24,1,True,PASS,PASS,5,1.0,0.0,0.0,1.0,0,0,0,0,0
werr0.20_wrp0.20,0.2,0.8,0.2,12,The algorithm maintains exponential moving averages m_t and v_t. Update includes,COMPLETED,80.23,1,True,PASS,PASS,5,1.0,0.0,0.0,1.0,0,0,0,0,0
werr0.20_wrp0.20,0.2,0.8,0.2,13,The algorithm maintains exponential moving averages m_t and v_t. Update includes,COMPLETED,85.08,1,True,PASS_MINOR,PASS_MINOR,4,0.5,0.0,0.0,1.0,0,3,-3,3,3
werr0.20_wrp0.20,0.2,0.8,0.2,14,The algorithm updates parameters using only the sign of the gradient: x_{k+1} = ,COMPLETED,119.86,1,True,PASS_MINOR,PASS_MINOR,4,0.8,0.0,0.0,1.0,0,0,0,0,0
werr0.20_wrp0.20,0.2,0.8,0.2,15,The algorithm updates parameters using only the sign of the gradient: x_{k+1} = ,COMPLETED,79.34,1,True,PASS,PASS,5,1.0,0.0,0.0,1.0,0,0,0,0,0
werr0.20_wrp0.20,0.2,0.8,0.2,16,The algorithm performs local SGD steps on K clients for E epochs before averagin,COMPLETED,71.92,1,True,PASS,PASS,5,1.0,0.0,0.0,1.0,0,0,0,0,0
werr0.20_wrp0.20,0.2,0.8,0.2,17,The algorithm performs local SGD steps on K clients for E epochs before averagin,COMPLETED,89.51,1,True,PASS,PASS,5,1.0,0.0,0.0,1.0,0,0,0,0,0
werr0.20_wrp0.20,0.2,0.8,0.2,18,The algorithm performs local SGD steps on K clients for E epochs. Clients minimi,COMPLETED,129.87,1,False,FAIL,FAIL,2,0.48,0.0,0.0,1.0,0,0,0,0,0
werr0.20_wrp0.20,0.2,0.8,0.2,19,The algorithm performs local SGD steps on K clients for E epochs. Clients minimi,COMPLETED,109.14,1,False,FAIL,FAIL,2,0.48,0.0,0.0,1.0,0,0,0,0,0
werr0.20_wrp0.20,0.2,0.8,0.2,20,The algorithm updates x_{k+1} = prox_{eta*g}(x_k - eta * grad(f)(x_k)). Proof mu,COMPLETED,94.45,1,True,PASS,PASS,5,1.0,0.0,0.0,1.0,0,0,0,0,0
werr0.20_wrp0.20,0.2,0.8,0.2,21,The algorithm updates x_{k+1} = prox_{eta*g}(x_k - eta * grad(f)(x_k)). Proof mu,COMPLETED,77.69,1,True,PASS,PASS,5,1.0,0.0,0.0,1.0,0,0,0,0,0
werr0.20_wrp0.20,0.2,0.8,0.2,22,The algorithm updates x_{k+1} = prox_{eta*g}(x_k - eta * grad(f)(x_k)). Proof mu,COMPLETED,105.41,1,True,PASS,PASS,5,1.0,0.0,0.0,1.0,0,0,0,0,0
werr0.20_wrp0.20,0.2,0.8,0.2,23,The algorithm updates x_{k+1} = prox_{eta*g}(x_k - eta * grad(f)(x_k)). Proof mu,COMPLETED,70.33,1,True,PASS,PASS,5,1.0,0.0,0.0,1.0,0,0,0,0,0
werr0.20_wrp0.20,0.2,0.8,0.2,24,The algorithm updates x_{k+1} = prox_{eta*g}(x_k - eta * grad(f)(x_k)). Uses mom,COMPLETED,105.09,1,True,PASS,PASS,5,1.0,0.0,0.0,1.0,0,0,0,0,0
werr0.20_wrp0.20,0.2,0.8,0.2,25,The algorithm updates x_{k+1} = prox_{eta*g}(x_k - eta * grad(f)(x_k)). Uses mom,COMPLETED,170.76,1,True,PASS,PASS,5,1.0,0.0,0.0,1.0,0,0,0,0,0
werr0.20_wrp0.20,0.2,0.8,0.2,26,The algorithm selects coordinate i_k with probability p_i. Update only affects c,COMPLETED,124.94,1,True,PASS,PASS,5,1.0,0.0,0.0,1.0,0,0,0,0,0
werr0.20_wrp0.20,0.2,0.8,0.2,27,The algorithm selects coordinate i_k with probability p_i. Update only affects c,COMPLETED,104.6,1,True,PASS,PASS,5,1.0,0.0,0.0,1.0,0,0,0,0,0
werr0.20_wrp0.20,0.2,0.8,0.2,28,The algorithm selects coordinate i_k with probability p_i. Update only affects c,COMPLETED,115.53,1,True,PASS,PASS,5,1.0,0.0,0.0,1.0,0,0,0,0,0
werr0.20_wrp0.20,0.2,0.8,0.2,29,The algorithm updates x_{k+1} = x_k + beta(x_k - x_{k-1}) - alpha * grad(f)(x_k),COMPLETED,125.3,1,True,PASS,PASS,5,1.0,0.0,0.0,1.0,0,0,0,0,0
werr0.20_wrp0.20,0.2,0.8,0.2,30,The algorithm updates x_{k+1} = x_k + beta(x_k - x_{k-1}) - alpha * grad(f)(x_k),COMPLETED,78.57,1,True,PASS,PASS,5,1.0,0.0,0.0,1.0,0,0,0,0,0
werr0.20_wrp0.20,0.2,0.8,0.2,31,The algorithm solves linear minimization oracle s_k = argmin_{s in C} <grad(f)(x,COMPLETED,79.8,1,True,PASS,PASS,5,1.0,0.0,0.0,1.0,0,0,0,0,0
werr0.20_wrp0.20,0.2,0.8,0.2,32,The algorithm solves linear minimization oracle s_k = argmin_{s in C} <grad(f)(x,COMPLETED,70.18,1,True,PASS,PASS,5,1.0,0.0,0.0,1.0,0,0,0,0,0
werr0.20_wrp0.20,0.2,0.8,0.2,33,The algorithm solves linear minimization oracle s_k = argmin_{s in C} <grad(f)(x,COMPLETED,78.02,1,True,PASS,PASS,5,1.0,0.0,0.0,1.0,0,0,0,0,0
werr0.20_wrp0.20,0.2,0.8,0.2,34,"The algorithm clips gradients: g_t = grad(f)(x_t) / max(1, ||grad(f)(x_t)||/C). ",COMPLETED,76.72,1,True,PASS,PASS,5,1.0,0.0,0.0,1.0,0,0,0,0,0
werr0.20_wrp0.20,0.2,0.8,0.2,35,"The algorithm clips gradients: g_t = grad(f)(x_t) / max(1, ||grad(f)(x_t)||/C). ",COMPLETED,90.78,1,True,PASS_MINOR,PASS_MINOR,4,0.88,0.0,0.0,1.0,0,0,0,0,0
werr0.20_wrp0.20,0.2,0.8,0.2,36,The algorithm uses stochastic Hessian estimates H_t. Update: x_{k+1} = x_t - alp,COMPLETED,259.63,2,True,FAIL,PASS,5,1.0,1.0,0.0,1.0,0,0,0,0,0
werr0.20_wrp0.20,0.2,0.8,0.2,37,The algorithm uses stochastic Hessian estimates H_t. Update: x_{k+1} = x_t - alp,COMPLETED,70.21,1,True,PASS,PASS,5,1.0,0.0,0.0,1.0,0,0,0,0,0
werr0.20_wrp0.20,0.2,0.8,0.2,38,The algorithm maintains dual variables y_k and primal x_k. Updates involve gradi,COMPLETED,115.46,1,True,PASS,PASS,5,1.0,0.0,0.0,1.0,0,0,0,0,0
werr0.20_wrp0.20,0.2,0.8,0.2,39,The algorithm maintains dual variables y_k and primal x_k. Updates involve gradi,COMPLETED,92.35,1,True,PASS,PASS,5,1.0,0.0,0.0,1.0,0,0,0,0,0
werr0.20_wrp0.20,0.2,0.8,0.2,40,"The algorithm minimizes max_x min_y L(x,y). Updates x via gradient ascent and y ",COMPLETED,564.83,2,True,CONDITIONAL,PASS,5,1.0,1.0,0.0,1.0,0,0,0,0,0
werr0.20_wrp0.20,0.2,0.8,0.2,41,"The algorithm minimizes max_x min_y L(x,y). Updates x via gradient ascent and y ",COMPLETED,66.06,1,True,PASS_MINOR,PASS_MINOR,4,1.0,0.0,0.0,1.0,0,0,0,0,0
werr0.20_wrp0.20,0.2,0.8,0.2,42,"The algorithm minimizes max_x min_y L(x,y). Uses extra gradient step: x_{k+1/2} ",COMPLETED,142.46,1,True,PASS_MINOR,PASS_MINOR,4,0.88,0.0,0.0,1.0,0,0,0,0,0
werr0.20_wrp0.20,0.2,0.8,0.2,43,"The algorithm minimizes max_x min_y L(x,y). Uses optimistic update: uses gradien",COMPLETED,71.46,1,True,PASS_MINOR,PASS_MINOR,4,1.0,0.0,0.0,1.0,0,0,0,0,0
werr0.20_wrp0.20,0.2,0.8,0.2,44,The algorithm adds Gaussian noise to gradients at each step: g_t = grad(f)(x_t) ,COMPLETED,207.15,2,True,CONDITIONAL,PASS,5,1.0,1.0,0.0,1.0,0,0,0,0,0
werr0.20_wrp0.20,0.2,0.8,0.2,45,The algorithm adds Gaussian noise to gradients at each step: g_t = grad(f)(x_t) ,COMPLETED,110.91,1,True,PASS_MINOR,PASS_MINOR,4,0.8,0.0,0.0,1.0,0,0,0,0,0
werr0.20_wrp0.20,0.2,0.8,0.2,46,The algorithm maintains a running average of gradients A_k = sum_{i=1}^k g_i. St,COMPLETED,71.89,1,True,PASS,PASS,5,1.0,0.0,0.0,1.0,0,0,0,0,0
werr0.20_wrp0.20,0.2,0.8,0.2,47,The algorithm maintains a running average of gradients A_k = sum_{i=1}^k g_i. St,COMPLETED,156.82,1,True,PASS_MINOR,PASS_MINOR,4,1.0,0.0,0.0,1.0,0,0,0,0,0
werr0.20_wrp0.20,0.2,0.8,0.2,48,The algorithm maintains a running average of squared gradients v_t = beta * v_{t,COMPLETED,78.56,1,True,PASS,PASS,5,1.0,0.0,0.0,1.0,0,0,0,0,0
werr0.20_wrp0.20,0.2,0.8,0.2,49,The algorithm uses a trust region constraint ||x - x_k|| <= Delta. Solves subpro,COMPLETED,105.66,1,True,PASS,PASS,5,1.0,0.0,0.0,1.0,0,0,0,0,0
werr0.20_wrp0.20,0.2,0.8,0.2,50,The algorithm uses a trust region constraint ||x - x_k|| <= Delta. Solves subpro,COMPLETED,82.13,1,True,PASS,PASS,5,1.0,0.0,0.0,1.0,0,0,0,0,0
werr0.20_wrp0.20,0.2,0.8,0.2,51,The algorithm updates x_{k+1} = x_k - alpha * grad(f)(x_k) + noise_k. Noise vari,COMPLETED,81.62,1,True,PASS,PASS,5,1.0,0.0,0.0,1.0,0,0,0,0,0
werr0.20_wrp0.20,0.2,0.8,0.2,52,The algorithm updates x_{k+1} = x_k - alpha * grad(f)(x_k) + noise_k. Noise vari,COMPLETED,86.56,1,True,PASS,PASS,5,1.0,0.0,0.0,1.0,0,0,0,0,0
werr0.20_wrp0.20,0.2,0.8,0.2,53,The algorithm maintains a snapshot of weights every k steps. Uses interpolation ,COMPLETED,144.75,1,True,PASS,PASS,5,1.0,0.0,0.0,1.0,0,0,0,0,0
werr0.20_wrp0.20,0.2,0.8,0.2,54,The algorithm uses a cyclic learning rate schedule. Step size varies between eta,COMPLETED,77.35,1,True,PASS,PASS,5,1.0,0.0,0.0,1.0,0,0,0,0,0
werr0.20_wrp0.20,0.2,0.8,0.2,55,The algorithm uses a warm restart schedule. Step size resets to eta_max every M ,COMPLETED,75.35,1,True,PASS_MINOR,PASS_MINOR,4,0.6,0.0,0.0,1.0,0,1,-1,1,1
werr0.20_wrp0.20,0.2,0.8,0.2,56,The algorithm selects a random subset of coordinates at each step (block coordin,COMPLETED,74.47,1,True,PASS,PASS,5,1.0,0.0,0.0,1.0,0,0,0,0,0
werr0.20_wrp0.20,0.2,0.8,0.2,57,The algorithm selects a random subset of coordinates at each step (block coordin,COMPLETED,199.51,2,True,FAIL,PASS,5,1.0,1.0,0.0,1.0,1,0,1,1,0
werr0.20_wrp0.20,0.2,0.8,0.2,58,The algorithm uses a quantized gradient operator Q(g) such that E[Q(g)] = g. Com,COMPLETED,69.41,1,True,PASS,PASS,5,1.0,0.0,0.0,1.0,0,0,0,0,0
werr0.20_wrp0.20,0.2,0.8,0.2,59,The algorithm uses a quantized gradient operator Q(g) such that E[Q(g)] = g. Com,COMPLETED,77.73,1,True,PASS,PASS,5,1.0,0.0,0.0,1.0,0,0,0,0,0
werr0.20_wrp0.20,0.2,0.8,0.2,60,The algorithm uses error feedback: stores quantization error e_k and adds it to ,COMPLETED,80.26,1,True,PASS_MINOR,PASS_MINOR,4,0.6,0.0,0.0,1.0,0,1,-1,1,1
werr0.20_wrp0.20,0.2,0.8,0.2,61,The algorithm uses a sparse gradient operator: only top-K largest magnitude grad,COMPLETED,73.85,1,True,PASS_MINOR,PASS_MINOR,4,0.8,0.0,0.0,1.0,0,0,0,0,0
werr0.20_wrp0.20,0.2,0.8,0.2,62,The algorithm uses a sparse gradient operator: only top-K largest magnitude grad,COMPLETED,69.51,1,True,PASS_MINOR,PASS_MINOR,4,1.0,0.0,0.0,1.0,0,0,0,0,0
werr0.20_wrp0.40,0.2,0.8,0.4,0,The algorithm maintains two sequences x_k and y_k. Update: y_k = x_k + beta_k(x_,COMPLETED,101.93,1,True,PASS,PASS,5,1.0,0.0,0.0,1.0,0,0,0,0,0
werr0.20_wrp0.40,0.2,0.8,0.4,1,The algorithm maintains two sequences x_k and y_k. Update: y_k = x_k + beta_k(x_,COMPLETED,181.56,2,True,FAIL,PASS,5,1.0,1.0,0.0,1.0,0,0,0,0,0
werr0.20_wrp0.40,0.2,0.8,0.4,2,The algorithm maintains two sequences x_k and y_k. Update: y_k = x_k + beta_k(x_,COMPLETED,79.52,1,True,PASS,PASS,5,1.0,0.0,0.0,1.0,0,0,0,0,0
werr0.20_wrp0.40,0.2,0.8,0.4,3,"The algorithm updates parameters via x_{k+1} = argmin_x { <grad(f)(x_k), x> + (1",COMPLETED,69.48,1,True,PASS,PASS,5,1.0,0.0,0.0,1.0,0,0,0,0,0
werr0.20_wrp0.40,0.2,0.8,0.4,4,"The algorithm updates parameters via x_{k+1} = argmin_x { <grad(f)(x_k), x> + (1",COMPLETED,73.83,1,True,PASS,PASS,5,1.0,0.0,0.0,1.0,0,0,0,0,0
werr0.20_wrp0.40,0.2,0.8,0.4,5,The algorithm uses a double-loop structure. Outer loop updates full gradient. In,COMPLETED,64.77,1,True,PASS,PASS,5,1.0,0.0,0.0,1.0,0,0,0,0,0
werr0.20_wrp0.40,0.2,0.8,0.4,6,The algorithm uses a double-loop structure. Outer loop updates full gradient. In,COMPLETED,83.36,1,True,PASS,PASS,5,1.0,0.0,0.0,1.0,0,0,0,0,0
werr0.20_wrp0.40,0.2,0.8,0.4,7,The algorithm uses a double-loop structure. Outer loop updates full gradient. In,COMPLETED,71.35,1,True,PASS,PASS,5,1.0,0.0,0.0,1.0,0,0,0,0,0
werr0.20_wrp0.40,0.2,0.8,0.4,8,The algorithm maintains a table of past gradients phi_i. Update: x_{k+1} = x_k -,COMPLETED,79.96,1,True,PASS,PASS,5,1.0,0.0,0.0,1.0,0,0,0,0,0
werr0.20_wrp0.40,0.2,0.8,0.4,9,The algorithm maintains a table of past gradients phi_i. Update: x_{k+1} = x_k -,COMPLETED,64.87,1,True,PASS,PASS,5,1.0,0.0,0.0,1.0,0,0,0,0,0
werr0.20_wrp0.40,0.2,0.8,0.4,10,The algorithm maintains a recursive variance estimator v_t = (1-alpha)v_{t-1} + ,COMPLETED,91.64,1,True,PASS,PASS,5,1.0,0.0,0.0,1.0,0,0,0,0,0
werr0.20_wrp0.40,0.2,0.8,0.4,11,The algorithm maintains a recursive variance estimator v_t = (1-alpha)v_{t-1} + ,COMPLETED,71.92,1,True,PASS_MINOR,PASS_MINOR,4,0.8,0.0,0.0,1.0,0,0,0,0,0
werr0.20_wrp0.40,0.2,0.8,0.4,12,The algorithm maintains exponential moving averages m_t and v_t. Update includes,COMPLETED,77.1,1,True,PASS_MINOR,PASS_MINOR,4,1.0,0.0,0.0,1.0,0,0,0,0,0
werr0.20_wrp0.40,0.2,0.8,0.4,13,The algorithm maintains exponential moving averages m_t and v_t. Update includes,COMPLETED,72.56,1,True,PASS,PASS,5,1.0,0.0,0.0,1.0,0,0,0,0,0
werr0.20_wrp0.40,0.2,0.8,0.4,14,The algorithm updates parameters using only the sign of the gradient: x_{k+1} = ,COMPLETED,68.5,1,True,PASS_MINOR,PASS_MINOR,4,1.0,0.0,0.0,1.0,0,0,0,0,0
werr0.20_wrp0.40,0.2,0.8,0.4,15,The algorithm updates parameters using only the sign of the gradient: x_{k+1} = ,COMPLETED,101.31,1,True,PASS,PASS,5,1.0,0.0,0.0,1.0,0,0,0,0,0
werr0.20_wrp0.40,0.2,0.8,0.4,16,The algorithm performs local SGD steps on K clients for E epochs before averagin,COMPLETED,85.91,1,True,PASS,PASS,5,1.0,0.0,0.0,1.0,0,0,0,0,0
werr0.20_wrp0.40,0.2,0.8,0.4,17,The algorithm performs local SGD steps on K clients for E epochs before averagin,COMPLETED,73.09,1,True,PASS,PASS,5,1.0,0.0,0.0,1.0,0,0,0,0,0
werr0.20_wrp0.40,0.2,0.8,0.4,18,The algorithm performs local SGD steps on K clients for E epochs. Clients minimi,COMPLETED,79.09,1,True,PASS,PASS,5,1.0,0.0,0.0,1.0,0,0,0,0,0
werr0.20_wrp0.40,0.2,0.8,0.4,19,The algorithm performs local SGD steps on K clients for E epochs. Clients minimi,COMPLETED,74.46,1,True,PASS,PASS,5,1.0,0.0,0.0,1.0,0,0,0,0,0
werr0.20_wrp0.40,0.2,0.8,0.4,20,The algorithm updates x_{k+1} = prox_{eta*g}(x_k - eta * grad(f)(x_k)). Proof mu,COMPLETED,67.0,1,True,PASS,PASS,5,1.0,0.0,0.0,1.0,0,0,0,0,0
werr0.20_wrp0.40,0.2,0.8,0.4,21,The algorithm updates x_{k+1} = prox_{eta*g}(x_k - eta * grad(f)(x_k)). Proof mu,COMPLETED,69.48,1,True,PASS,PASS,5,1.0,0.0,0.0,1.0,0,0,0,0,0
werr0.20_wrp0.40,0.2,0.8,0.4,22,The algorithm updates x_{k+1} = prox_{eta*g}(x_k - eta * grad(f)(x_k)). Proof mu,COMPLETED,69.03,1,True,PASS,PASS,5,1.0,0.0,0.0,1.0,0,0,0,0,0
werr0.20_wrp0.40,0.2,0.8,0.4,23,The algorithm updates x_{k+1} = prox_{eta*g}(x_k - eta * grad(f)(x_k)). Proof mu,COMPLETED,148.59,1,True,PASS,PASS,5,1.0,0.0,0.0,1.0,0,0,0,0,0
werr0.20_wrp0.40,0.2,0.8,0.4,24,The algorithm updates x_{k+1} = prox_{eta*g}(x_k - eta * grad(f)(x_k)). Uses mom,COMPLETED,87.31,1,True,PASS,PASS,5,1.0,0.0,0.0,1.0,0,0,0,0,0
werr0.20_wrp0.40,0.2,0.8,0.4,25,The algorithm updates x_{k+1} = prox_{eta*g}(x_k - eta * grad(f)(x_k)). Uses mom,COMPLETED,76.16,1,True,PASS,PASS,5,1.0,0.0,0.0,1.0,0,0,0,0,0
werr0.20_wrp0.40,0.2,0.8,0.4,26,The algorithm selects coordinate i_k with probability p_i. Update only affects c,COMPLETED,71.35,1,True,PASS,PASS,5,1.0,0.0,0.0,1.0,0,0,0,0,0
werr0.20_wrp0.40,0.2,0.8,0.4,27,The algorithm selects coordinate i_k with probability p_i. Update only affects c,COMPLETED,58.74,1,True,PASS,PASS,5,1.0,0.0,0.0,1.0,0,0,0,0,0
werr0.20_wrp0.40,0.2,0.8,0.4,28,The algorithm selects coordinate i_k with probability p_i. Update only affects c,COMPLETED,95.33,1,True,PASS,PASS,5,1.0,0.0,0.0,1.0,0,0,0,0,0
werr0.20_wrp0.40,0.2,0.8,0.4,29,The algorithm updates x_{k+1} = x_k + beta(x_k - x_{k-1}) - alpha * grad(f)(x_k),COMPLETED,112.63,1,True,PASS,PASS,5,1.0,0.0,0.0,1.0,0,0,0,0,0
werr0.20_wrp0.40,0.2,0.8,0.4,30,The algorithm updates x_{k+1} = x_k + beta(x_k - x_{k-1}) - alpha * grad(f)(x_k),COMPLETED,79.9,1,True,PASS,PASS,5,1.0,0.0,0.0,1.0,0,0,0,0,0
werr0.20_wrp0.40,0.2,0.8,0.4,31,The algorithm solves linear minimization oracle s_k = argmin_{s in C} <grad(f)(x,COMPLETED,65.54,1,True,PASS,PASS,5,1.0,0.0,0.0,1.0,0,0,0,0,0
werr0.20_wrp0.40,0.2,0.8,0.4,32,The algorithm solves linear minimization oracle s_k = argmin_{s in C} <grad(f)(x,COMPLETED,87.78,1,True,PASS,PASS,5,1.0,0.0,0.0,1.0,0,0,0,0,0
werr0.20_wrp0.40,0.2,0.8,0.4,33,The algorithm solves linear minimization oracle s_k = argmin_{s in C} <grad(f)(x,COMPLETED,79.6,1,True,PASS,PASS,5,1.0,0.0,0.0,1.0,0,0,0,0,0
werr0.20_wrp0.40,0.2,0.8,0.4,34,"The algorithm clips gradients: g_t = grad(f)(x_t) / max(1, ||grad(f)(x_t)||/C). ",COMPLETED,65.46,1,True,PASS,PASS,5,1.0,0.0,0.0,1.0,0,0,0,0,0
werr0.20_wrp0.40,0.2,0.8,0.4,35,"The algorithm clips gradients: g_t = grad(f)(x_t) / max(1, ||grad(f)(x_t)||/C). ",COMPLETED,66.23,1,True,PASS,PASS,5,1.0,0.0,0.0,1.0,0,0,0,0,0
werr0.20_wrp0.40,0.2,0.8,0.4,36,The algorithm uses stochastic Hessian estimates H_t. Update: x_{k+1} = x_t - alp,COMPLETED,73.76,1,True,PASS,PASS,5,1.0,0.0,0.0,1.0,0,0,0,0,0
werr0.20_wrp0.40,0.2,0.8,0.4,37,The algorithm uses stochastic Hessian estimates H_t. Update: x_{k+1} = x_t - alp,COMPLETED,140.01,1,True,PASS,PASS,5,1.0,0.0,0.0,1.0,0,0,0,0,0
werr0.20_wrp0.40,0.2,0.8,0.4,38,The algorithm maintains dual variables y_k and primal x_k. Updates involve gradi,COMPLETED,76.67,1,True,PASS,PASS,5,1.0,0.0,0.0,1.0,0,0,0,0,0
werr0.20_wrp0.40,0.2,0.8,0.4,39,The algorithm maintains dual variables y_k and primal x_k. Updates involve gradi,COMPLETED,79.21,1,True,PASS,PASS,5,1.0,0.0,0.0,1.0,0,0,0,0,0
werr0.20_wrp0.40,0.2,0.8,0.4,40,"The algorithm minimizes max_x min_y L(x,y). Updates x via gradient ascent and y ",COMPLETED,178.35,1,True,PASS,PASS,5,1.0,0.0,0.0,1.0,0,0,0,0,0
werr0.20_wrp0.40,0.2,0.8,0.4,41,"The algorithm minimizes max_x min_y L(x,y). Updates x via gradient ascent and y ",COMPLETED,83.42,1,True,PASS,PASS,5,1.0,0.0,0.0,1.0,0,0,0,0,0
werr0.20_wrp0.40,0.2,0.8,0.4,42,"The algorithm minimizes max_x min_y L(x,y). Uses extra gradient step: x_{k+1/2} ",COMPLETED,73.9,1,True,PASS,PASS,5,1.0,0.0,0.0,1.0,0,0,0,0,0
werr0.20_wrp0.40,0.2,0.8,0.4,43,"The algorithm minimizes max_x min_y L(x,y). Uses optimistic update: uses gradien",COMPLETED,72.44,1,True,PASS,PASS,5,1.0,0.0,0.0,1.0,0,0,0,0,0
werr0.20_wrp0.40,0.2,0.8,0.4,44,The algorithm adds Gaussian noise to gradients at each step: g_t = grad(f)(x_t) ,COMPLETED,84.37,1,True,PASS,PASS,5,1.0,0.0,0.0,1.0,0,0,0,0,0
werr0.20_wrp0.40,0.2,0.8,0.4,45,The algorithm adds Gaussian noise to gradients at each step: g_t = grad(f)(x_t) ,COMPLETED,74.39,1,True,PASS,PASS,5,1.0,0.0,0.0,1.0,0,0,0,0,0
werr0.20_wrp0.40,0.2,0.8,0.4,46,The algorithm maintains a running average of gradients A_k = sum_{i=1}^k g_i. St,COMPLETED,334.0,2,True,CONDITIONAL,PASS,5,1.0,1.0,0.0,1.0,0,0,0,0,0
werr0.20_wrp0.40,0.2,0.8,0.4,47,The algorithm maintains a running average of gradients A_k = sum_{i=1}^k g_i. St,COMPLETED,175.59,2,True,CONDITIONAL,PASS,5,1.0,1.0,0.0,1.0,0,0,0,0,0
werr0.20_wrp0.40,0.2,0.8,0.4,48,The algorithm maintains a running average of squared gradients v_t = beta * v_{t,COMPLETED,90.2,1,True,PASS,PASS,5,1.0,0.0,0.0,1.0,0,0,0,0,0
werr0.20_wrp0.40,0.2,0.8,0.4,49,The algorithm uses a trust region constraint ||x - x_k|| <= Delta. Solves subpro,COMPLETED,92.41,1,True,PASS_MINOR,PASS_MINOR,4,1.0,0.0,0.0,1.0,0,0,0,0,0
werr0.20_wrp0.40,0.2,0.8,0.4,50,The algorithm uses a trust region constraint ||x - x_k|| <= Delta. Solves subpro,COMPLETED,80.47,1,True,PASS,PASS,5,1.0,0.0,0.0,1.0,0,0,0,0,0
werr0.20_wrp0.40,0.2,0.8,0.4,51,The algorithm updates x_{k+1} = x_k - alpha * grad(f)(x_k) + noise_k. Noise vari,COMPLETED,62.88,1,True,PASS,PASS,5,1.0,0.0,0.0,1.0,0,0,0,0,0
werr0.20_wrp0.40,0.2,0.8,0.4,52,The algorithm updates x_{k+1} = x_k - alpha * grad(f)(x_k) + noise_k. Noise vari,COMPLETED,63.75,1,True,PASS,PASS,5,1.0,0.0,0.0,1.0,0,0,0,0,0
werr0.20_wrp0.40,0.2,0.8,0.4,53,The algorithm maintains a snapshot of weights every k steps. Uses interpolation ,COMPLETED,72.26,1,True,PASS,PASS,5,1.0,0.0,0.0,1.0,0,0,0,0,0
werr0.20_wrp0.40,0.2,0.8,0.4,54,The algorithm uses a cyclic learning rate schedule. Step size varies between eta,COMPLETED,63.65,1,True,PASS,PASS,5,1.0,0.0,0.0,1.0,0,0,0,0,0
werr0.20_wrp0.40,0.2,0.8,0.4,55,The algorithm uses a warm restart schedule. Step size resets to eta_max every M ,COMPLETED,72.08,1,True,PASS,PASS,5,1.0,0.0,0.0,1.0,0,0,0,0,0
werr0.20_wrp0.40,0.2,0.8,0.4,56,The algorithm selects a random subset of coordinates at each step (block coordin,COMPLETED,60.81,1,True,PASS,PASS,5,1.0,0.0,0.0,1.0,0,0,0,0,0
werr0.20_wrp0.40,0.2,0.8,0.4,57,The algorithm selects a random subset of coordinates at each step (block coordin,COMPLETED,68.5,1,True,PASS,PASS,5,1.0,0.0,0.0,1.0,0,0,0,0,0
werr0.20_wrp0.40,0.2,0.8,0.4,58,The algorithm uses a quantized gradient operator Q(g) such that E[Q(g)] = g. Com,COMPLETED,90.14,1,True,PASS,PASS,5,1.0,0.0,0.0,1.0,0,0,0,0,0
werr0.20_wrp0.40,0.2,0.8,0.4,59,The algorithm uses a quantized gradient operator Q(g) such that E[Q(g)] = g. Com,COMPLETED,67.25,1,True,PASS,PASS,5,1.0,0.0,0.0,1.0,0,0,0,0,0
werr0.20_wrp0.40,0.2,0.8,0.4,60,The algorithm uses error feedback: stores quantization error e_k and adds it to ,COMPLETED,77.12,1,True,PASS,PASS,5,1.0,0.0,0.0,1.0,0,0,0,0,0
werr0.20_wrp0.40,0.2,0.8,0.4,61,The algorithm uses a sparse gradient operator: only top-K largest magnitude grad,COMPLETED,204.81,2,True,CONDITIONAL,PASS,5,1.0,1.0,0.0,1.0,0,0,0,0,0
werr0.20_wrp0.40,0.2,0.8,0.4,62,The algorithm uses a sparse gradient operator: only top-K largest magnitude grad,COMPLETED,105.24,1,True,PASS,PASS,5,1.0,0.0,0.0,1.0,0,0,0,0,0
werr0.20_wrp0.60,0.2,0.8,0.6,0,The algorithm maintains two sequences x_k and y_k. Update: y_k = x_k + beta_k(x_,COMPLETED,116.2,1,True,PASS,PASS,5,1.0,0.0,0.0,1.0,0,0,0,0,0
werr0.20_wrp0.60,0.2,0.8,0.6,1,The algorithm maintains two sequences x_k and y_k. Update: y_k = x_k + beta_k(x_,COMPLETED,103.04,1,True,PASS,PASS,5,1.0,0.0,0.0,1.0,0,0,0,0,0
werr0.20_wrp0.60,0.2,0.8,0.6,2,The algorithm maintains two sequences x_k and y_k. Update: y_k = x_k + beta_k(x_,COMPLETED,135.9,1,True,PASS_MINOR,PASS_MINOR,4,0.88,0.0,0.0,1.0,0,0,0,0,0
werr0.20_wrp0.60,0.2,0.8,0.6,3,"The algorithm updates parameters via x_{k+1} = argmin_x { <grad(f)(x_k), x> + (1",COMPLETED,131.63,1,True,PASS,PASS,5,1.0,0.0,0.0,1.0,0,0,0,0,0
werr0.20_wrp0.60,0.2,0.8,0.6,4,"The algorithm updates parameters via x_{k+1} = argmin_x { <grad(f)(x_k), x> + (1",COMPLETED,207.12,1,True,PASS,PASS,5,1.0,0.0,0.0,1.0,0,0,0,0,0
werr0.20_wrp0.60,0.2,0.8,0.6,5,The algorithm uses a double-loop structure. Outer loop updates full gradient. In,COMPLETED,125.61,1,True,PASS,PASS,5,1.0,0.0,0.0,1.0,0,0,0,0,0
werr0.20_wrp0.60,0.2,0.8,0.6,6,The algorithm uses a double-loop structure. Outer loop updates full gradient. In,COMPLETED,98.07,1,True,PASS,PASS,5,1.0,0.0,0.0,1.0,0,0,0,0,0
werr0.20_wrp0.60,0.2,0.8,0.6,7,The algorithm uses a double-loop structure. Outer loop updates full gradient. In,COMPLETED,211.49,2,True,FAIL,PASS,5,1.0,1.0,0.0,1.0,2,0,2,3,0
werr0.20_wrp0.60,0.2,0.8,0.6,8,The algorithm maintains a table of past gradients phi_i. Update: x_{k+1} = x_k -,COMPLETED,84.86,1,True,PASS,PASS,5,1.0,0.0,0.0,1.0,0,0,0,0,0
werr0.20_wrp0.60,0.2,0.8,0.6,9,The algorithm maintains a table of past gradients phi_i. Update: x_{k+1} = x_k -,COMPLETED,102.04,1,True,PASS,PASS,5,1.0,0.0,0.0,1.0,0,0,0,0,0
werr0.20_wrp0.60,0.2,0.8,0.6,10,The algorithm maintains a recursive variance estimator v_t = (1-alpha)v_{t-1} + ,COMPLETED,96.83,1,True,PASS_MINOR,PASS_MINOR,4,0.6,0.0,0.0,1.0,0,1,-1,2,2
werr0.20_wrp0.60,0.2,0.8,0.6,11,The algorithm maintains a recursive variance estimator v_t = (1-alpha)v_{t-1} + ,COMPLETED,100.02,1,True,PASS,PASS,5,1.0,0.0,0.0,1.0,0,0,0,0,0
werr0.20_wrp0.60,0.2,0.8,0.6,12,The algorithm maintains exponential moving averages m_t and v_t. Update includes,COMPLETED,162.97,1,True,PASS,PASS,5,1.0,0.0,0.0,1.0,0,0,0,0,0
werr0.20_wrp0.60,0.2,0.8,0.6,13,The algorithm maintains exponential moving averages m_t and v_t. Update includes,COMPLETED,90.27,1,True,PASS_MINOR,PASS_MINOR,4,0.88,0.0,0.0,1.0,0,0,0,0,0
werr0.20_wrp0.60,0.2,0.8,0.6,14,The algorithm updates parameters using only the sign of the gradient: x_{k+1} = ,COMPLETED,109.01,1,True,PASS_MINOR,PASS_MINOR,4,0.72,0.0,0.0,1.0,0,0,0,0,0
werr0.20_wrp0.60,0.2,0.8,0.6,15,The algorithm updates parameters using only the sign of the gradient: x_{k+1} = ,COMPLETED,75.44,1,True,PASS,PASS,5,1.0,0.0,0.0,1.0,0,0,0,0,0
werr0.20_wrp0.60,0.2,0.8,0.6,16,The algorithm performs local SGD steps on K clients for E epochs before averagin,COMPLETED,95.19,1,False,FAIL,FAIL,2,0.4,0.0,0.0,1.0,0,0,0,0,0
werr0.20_wrp0.60,0.2,0.8,0.6,17,The algorithm performs local SGD steps on K clients for E epochs before averagin,COMPLETED,96.86,1,True,PASS,PASS,5,1.0,0.0,0.0,1.0,0,0,0,0,0
werr0.20_wrp0.60,0.2,0.8,0.6,18,The algorithm performs local SGD steps on K clients for E epochs. Clients minimi,COMPLETED,109.15,1,False,FAIL,FAIL,2,0.4,0.0,0.0,1.0,0,0,0,0,0
werr0.20_wrp0.60,0.2,0.8,0.6,19,The algorithm performs local SGD steps on K clients for E epochs. Clients minimi,COMPLETED,116.87,1,True,PASS,PASS,5,1.0,0.0,0.0,1.0,0,0,0,0,0
werr0.20_wrp0.60,0.2,0.8,0.6,20,The algorithm updates x_{k+1} = prox_{eta*g}(x_k - eta * grad(f)(x_k)). Proof mu,COMPLETED,78.36,1,True,PASS,PASS,5,1.0,0.0,0.0,1.0,0,0,0,0,0
werr0.20_wrp0.60,0.2,0.8,0.6,21,The algorithm updates x_{k+1} = prox_{eta*g}(x_k - eta * grad(f)(x_k)). Proof mu,COMPLETED,70.68,1,True,PASS,PASS,5,1.0,0.0,0.0,1.0,0,0,0,0,0
werr0.20_wrp0.60,0.2,0.8,0.6,22,The algorithm updates x_{k+1} = prox_{eta*g}(x_k - eta * grad(f)(x_k)). Proof mu,COMPLETED,78.21,1,True,PASS,PASS,5,1.0,0.0,0.0,1.0,0,0,0,0,0
werr0.20_wrp0.60,0.2,0.8,0.6,23,The algorithm updates x_{k+1} = prox_{eta*g}(x_k - eta * grad(f)(x_k)). Proof mu,COMPLETED,122.57,1,True,PASS,PASS,5,1.0,0.0,0.0,1.0,0,0,0,0,0
werr0.20_wrp0.60,0.2,0.8,0.6,24,The algorithm updates x_{k+1} = prox_{eta*g}(x_k - eta * grad(f)(x_k)). Uses mom,COMPLETED,86.04,1,True,PASS,PASS,5,1.0,0.0,0.0,1.0,0,0,0,0,0
werr0.20_wrp0.60,0.2,0.8,0.6,25,The algorithm updates x_{k+1} = prox_{eta*g}(x_k - eta * grad(f)(x_k)). Uses mom,COMPLETED,75.42,1,True,PASS,PASS,5,1.0,0.0,0.0,1.0,0,0,0,0,0
werr0.20_wrp0.60,0.2,0.8,0.6,26,The algorithm selects coordinate i_k with probability p_i. Update only affects c,COMPLETED,67.89,1,True,PASS,PASS,5,1.0,0.0,0.0,1.0,0,0,0,0,0
werr0.20_wrp0.60,0.2,0.8,0.6,27,The algorithm selects coordinate i_k with probability p_i. Update only affects c,COMPLETED,88.9,1,True,PASS,PASS,5,1.0,0.0,0.0,1.0,0,0,0,0,0
werr0.20_wrp0.60,0.2,0.8,0.6,28,The algorithm selects coordinate i_k with probability p_i. Update only affects c,COMPLETED,75.08,1,True,PASS,PASS,5,1.0,0.0,0.0,1.0,0,0,0,0,0
werr0.20_wrp0.60,0.2,0.8,0.6,29,The algorithm updates x_{k+1} = x_k + beta(x_k - x_{k-1}) - alpha * grad(f)(x_k),COMPLETED,67.51,1,True,PASS,PASS,5,1.0,0.0,0.0,1.0,0,0,0,0,0
werr0.20_wrp0.60,0.2,0.8,0.6,30,The algorithm updates x_{k+1} = x_k + beta(x_k - x_{k-1}) - alpha * grad(f)(x_k),COMPLETED,77.48,1,True,PASS,PASS,5,1.0,0.0,0.0,1.0,0,0,0,0,0
werr0.20_wrp0.60,0.2,0.8,0.6,31,The algorithm solves linear minimization oracle s_k = argmin_{s in C} <grad(f)(x,COMPLETED,55.61,1,True,PASS,PASS,5,1.0,0.0,0.0,1.0,0,0,0,0,0
werr0.20_wrp0.60,0.2,0.8,0.6,32,The algorithm solves linear minimization oracle s_k = argmin_{s in C} <grad(f)(x,COMPLETED,66.73,1,True,PASS_MINOR,PASS_MINOR,4,1.0,0.0,0.0,1.0,0,0,0,0,0
werr0.20_wrp0.60,0.2,0.8,0.6,33,The algorithm solves linear minimization oracle s_k = argmin_{s in C} <grad(f)(x,COMPLETED,82.47,1,True,PASS,PASS,5,1.0,0.0,0.0,1.0,0,0,0,0,0
werr0.20_wrp0.60,0.2,0.8,0.6,34,"The algorithm clips gradients: g_t = grad(f)(x_t) / max(1, ||grad(f)(x_t)||/C). ",COMPLETED,75.29,1,True,PASS,PASS,5,1.0,0.0,0.0,1.0,0,0,0,0,0
werr0.20_wrp0.60,0.2,0.8,0.6,35,"The algorithm clips gradients: g_t = grad(f)(x_t) / max(1, ||grad(f)(x_t)||/C). ",COMPLETED,103.23,1,True,PASS,PASS,5,1.0,0.0,0.0,1.0,0,0,0,0,0
werr0.20_wrp0.60,0.2,0.8,0.6,36,The algorithm uses stochastic Hessian estimates H_t. Update: x_{k+1} = x_t - alp,COMPLETED,81.08,1,True,PASS,PASS,5,1.0,0.0,0.0,1.0,0,0,0,0,0
werr0.20_wrp0.60,0.2,0.8,0.6,37,The algorithm uses stochastic Hessian estimates H_t. Update: x_{k+1} = x_t - alp,COMPLETED,77.62,1,True,PASS,PASS,5,1.0,0.0,0.0,1.0,0,0,0,0,0
werr0.20_wrp0.60,0.2,0.8,0.6,38,The algorithm maintains dual variables y_k and primal x_k. Updates involve gradi,COMPLETED,72.82,1,True,PASS,PASS,5,1.0,0.0,0.0,1.0,0,0,0,0,0
werr0.20_wrp0.60,0.2,0.8,0.6,39,The algorithm maintains dual variables y_k and primal x_k. Updates involve gradi,COMPLETED,87.37,1,True,PASS,PASS,5,1.0,0.0,0.0,1.0,0,0,0,0,0
werr0.20_wrp0.60,0.2,0.8,0.6,40,"The algorithm minimizes max_x min_y L(x,y). Updates x via gradient ascent and y ",COMPLETED,84.01,1,True,PASS,PASS,5,1.0,0.0,0.0,1.0,0,0,0,0,0
werr0.20_wrp0.60,0.2,0.8,0.6,41,"The algorithm minimizes max_x min_y L(x,y). Updates x via gradient ascent and y ",COMPLETED,113.6,1,True,PASS_MINOR,PASS_MINOR,4,0.8,0.0,0.0,1.0,0,0,0,0,0
werr0.20_wrp0.60,0.2,0.8,0.6,42,"The algorithm minimizes max_x min_y L(x,y). Uses extra gradient step: x_{k+1/2} ",COMPLETED,80.73,1,True,PASS,PASS,5,1.0,0.0,0.0,1.0,0,0,0,0,0
werr0.20_wrp0.60,0.2,0.8,0.6,43,"The algorithm minimizes max_x min_y L(x,y). Uses optimistic update: uses gradien",COMPLETED,68.07,1,True,PASS,PASS,5,1.0,0.0,0.0,1.0,0,0,0,0,0
werr0.20_wrp0.60,0.2,0.8,0.6,44,The algorithm adds Gaussian noise to gradients at each step: g_t = grad(f)(x_t) ,COMPLETED,86.81,1,True,PASS,PASS,5,1.0,0.0,0.0,1.0,0,0,0,0,0
werr0.20_wrp0.60,0.2,0.8,0.6,45,The algorithm adds Gaussian noise to gradients at each step: g_t = grad(f)(x_t) ,COMPLETED,169.86,2,True,FAIL,PASS,5,1.0,1.0,0.0,1.0,1,0,1,2,0
werr0.20_wrp0.60,0.2,0.8,0.6,46,The algorithm maintains a running average of gradients A_k = sum_{i=1}^k g_i. St,COMPLETED,76.94,1,True,PASS,PASS,5,1.0,0.0,0.0,1.0,0,0,0,0,0
werr0.20_wrp0.60,0.2,0.8,0.6,47,The algorithm maintains a running average of gradients A_k = sum_{i=1}^k g_i. St,COMPLETED,78.62,1,True,PASS,PASS,5,1.0,0.0,0.0,1.0,0,0,0,0,0
werr0.20_wrp0.60,0.2,0.8,0.6,48,The algorithm maintains a running average of squared gradients v_t = beta * v_{t,COMPLETED,78.02,1,True,PASS,PASS,5,1.0,0.0,0.0,1.0,0,0,0,0,0
werr0.20_wrp0.60,0.2,0.8,0.6,49,The algorithm uses a trust region constraint ||x - x_k|| <= Delta. Solves subpro,COMPLETED,91.2,1,True,PASS,PASS,5,1.0,0.0,0.0,1.0,0,0,0,0,0
werr0.20_wrp0.60,0.2,0.8,0.6,50,The algorithm uses a trust region constraint ||x - x_k|| <= Delta. Solves subpro,COMPLETED,200.63,2,True,FAIL,PASS,5,1.0,1.0,0.0,1.0,0,0,0,0,0
werr0.20_wrp0.60,0.2,0.8,0.6,51,The algorithm updates x_{k+1} = x_k - alpha * grad(f)(x_k) + noise_k. Noise vari,COMPLETED,140.47,1,True,PASS,PASS,5,1.0,0.0,0.0,1.0,0,0,0,0,0
werr0.20_wrp0.60,0.2,0.8,0.6,52,The algorithm updates x_{k+1} = x_k - alpha * grad(f)(x_k) + noise_k. Noise vari,COMPLETED,79.36,1,True,PASS,PASS,5,1.0,0.0,0.0,1.0,0,0,0,0,0
werr0.20_wrp0.60,0.2,0.8,0.6,53,The algorithm maintains a snapshot of weights every k steps. Uses interpolation ,COMPLETED,86.89,1,True,PASS,PASS,5,1.0,0.0,0.0,1.0,0,0,0,0,0
werr0.20_wrp0.60,0.2,0.8,0.6,54,The algorithm uses a cyclic learning rate schedule. Step size varies between eta,COMPLETED,104.13,1,True,PASS_MINOR,PASS_MINOR,4,0.88,0.0,0.0,1.0,0,0,0,0,0
werr0.20_wrp0.60,0.2,0.8,0.6,55,The algorithm uses a warm restart schedule. Step size resets to eta_max every M ,COMPLETED,81.86,1,True,PASS_MINOR,PASS_MINOR,4,0.8,0.0,0.0,1.0,0,0,0,0,0
werr0.20_wrp0.60,0.2,0.8,0.6,56,The algorithm selects a random subset of coordinates at each step (block coordin,COMPLETED,87.45,1,True,PASS_MINOR,PASS_MINOR,4,0.6,0.0,0.0,1.0,0,1,-1,1,1
werr0.20_wrp0.60,0.2,0.8,0.6,57,The algorithm selects a random subset of coordinates at each step (block coordin,COMPLETED,123.45,1,True,PASS,PASS,5,1.0,0.0,0.0,1.0,0,0,0,0,0
werr0.20_wrp0.60,0.2,0.8,0.6,58,The algorithm uses a quantized gradient operator Q(g) such that E[Q(g)] = g. Com,COMPLETED,194.75,1,True,PASS_MINOR,PASS_MINOR,4,1.0,0.0,0.0,1.0,0,0,0,0,0
werr0.20_wrp0.60,0.2,0.8,0.6,59,The algorithm uses a quantized gradient operator Q(g) such that E[Q(g)] = g. Com,COMPLETED,131.59,1,True,PASS,PASS,5,1.0,0.0,0.0,1.0,0,0,0,0,0
werr0.20_wrp0.60,0.2,0.8,0.6,60,The algorithm uses error feedback: stores quantization error e_k and adds it to ,COMPLETED,122.69,1,True,PASS,PASS,5,1.0,0.0,0.0,1.0,0,0,0,0,0
werr0.20_wrp0.60,0.2,0.8,0.6,61,The algorithm uses a sparse gradient operator: only top-K largest magnitude grad,COMPLETED,161.18,1,True,PASS,PASS,5,1.0,0.0,0.0,1.0,0,0,0,0,0
werr0.20_wrp0.60,0.2,0.8,0.6,62,The algorithm uses a sparse gradient operator: only top-K largest magnitude grad,COMPLETED,133.79,1,True,PASS,PASS,5,1.0,0.0,0.0,1.0,0,0,0,0,0
werr0.20_wrp0.80,0.2,0.8,0.8,0,The algorithm maintains two sequences x_k and y_k. Update: y_k = x_k + beta_k(x_,COMPLETED,110.82,1,True,PASS,PASS,5,1.0,0.0,0.0,1.0,0,0,0,0,0
werr0.20_wrp0.80,0.2,0.8,0.8,1,The algorithm maintains two sequences x_k and y_k. Update: y_k = x_k + beta_k(x_,COMPLETED,122.28,1,True,PASS,PASS,5,1.0,0.0,0.0,1.0,0,0,0,0,0
werr0.20_wrp0.80,0.2,0.8,0.8,2,The algorithm maintains two sequences x_k and y_k. Update: y_k = x_k + beta_k(x_,COMPLETED,163.44,1,True,PASS,PASS,5,1.0,0.0,0.0,1.0,0,0,0,0,0
werr0.20_wrp0.80,0.2,0.8,0.8,3,"The algorithm updates parameters via x_{k+1} = argmin_x { <grad(f)(x_k), x> + (1",COMPLETED,114.58,1,True,PASS,PASS,5,1.0,0.0,0.0,1.0,0,0,0,0,0
werr0.20_wrp0.80,0.2,0.8,0.8,4,"The algorithm updates parameters via x_{k+1} = argmin_x { <grad(f)(x_k), x> + (1",COMPLETED,104.34,1,True,PASS_MINOR,PASS_MINOR,4,0.8,0.0,0.0,1.0,0,0,0,0,0
werr0.20_wrp0.80,0.2,0.8,0.8,5,The algorithm uses a double-loop structure. Outer loop updates full gradient. In,COMPLETED,86.48,1,True,PASS_MINOR,PASS_MINOR,4,0.88,0.0,0.0,1.0,0,0,0,0,0
werr0.20_wrp0.80,0.2,0.8,0.8,6,The algorithm uses a double-loop structure. Outer loop updates full gradient. In,COMPLETED,84.66,1,True,PASS,PASS,5,1.0,0.0,0.0,1.0,0,0,0,0,0
werr0.20_wrp0.80,0.2,0.8,0.8,7,The algorithm uses a double-loop structure. Outer loop updates full gradient. In,COMPLETED,69.9,1,True,PASS,PASS,5,1.0,0.0,0.0,1.0,0,0,0,0,0
werr0.20_wrp0.80,0.2,0.8,0.8,8,The algorithm maintains a table of past gradients phi_i. Update: x_{k+1} = x_k -,COMPLETED,161.61,1,True,PASS,PASS,5,1.0,0.0,0.0,1.0,0,0,0,0,0
werr0.20_wrp0.80,0.2,0.8,0.8,9,The algorithm maintains a table of past gradients phi_i. Update: x_{k+1} = x_k -,COMPLETED,244.33,2,True,FAIL,PASS,5,1.0,1.0,0.0,1.0,2,0,2,3,0
werr0.20_wrp0.80,0.2,0.8,0.8,10,The algorithm maintains a recursive variance estimator v_t = (1-alpha)v_{t-1} + ,COMPLETED,70.46,1,True,PASS,PASS,5,1.0,0.0,0.0,1.0,0,0,0,0,0
werr0.20_wrp0.80,0.2,0.8,0.8,11,The algorithm maintains a recursive variance estimator v_t = (1-alpha)v_{t-1} + ,COMPLETED,67.87,1,True,PASS,PASS,5,1.0,0.0,0.0,1.0,0,0,0,0,0
werr0.20_wrp0.80,0.2,0.8,0.8,12,The algorithm maintains exponential moving averages m_t and v_t. Update includes,COMPLETED,175.74,1,False,FAIL,FAIL,2,0.4,0.0,0.0,1.0,0,0,0,0,0
werr0.20_wrp0.80,0.2,0.8,0.8,13,The algorithm maintains exponential moving averages m_t and v_t. Update includes,COMPLETED,84.68,1,True,PASS_MINOR,PASS_MINOR,4,0.88,0.0,0.0,1.0,0,0,0,0,0
werr0.20_wrp0.80,0.2,0.8,0.8,14,The algorithm updates parameters using only the sign of the gradient: x_{k+1} = ,COMPLETED,202.93,2,True,FAIL,PASS,5,1.0,1.0,0.0,1.0,2,0,2,2,0
werr0.20_wrp0.80,0.2,0.8,0.8,15,The algorithm updates parameters using only the sign of the gradient: x_{k+1} = ,COMPLETED,89.42,1,True,PASS_MINOR,PASS_MINOR,4,0.8,0.0,0.0,1.0,0,0,0,0,0
werr0.20_wrp0.80,0.2,0.8,0.8,16,The algorithm performs local SGD steps on K clients for E epochs before averagin,COMPLETED,76.52,1,True,PASS,PASS,5,1.0,0.0,0.0,1.0,0,0,0,0,0
werr0.20_wrp0.80,0.2,0.8,0.8,17,The algorithm performs local SGD steps on K clients for E epochs before averagin,COMPLETED,73.47,1,True,PASS_MINOR,PASS_MINOR,4,0.88,0.0,0.0,1.0,0,0,0,0,0
werr0.20_wrp0.80,0.2,0.8,0.8,18,The algorithm performs local SGD steps on K clients for E epochs. Clients minimi,COMPLETED,207.19,1,False,FAIL,FAIL,2,0.4,0.0,0.0,1.0,0,0,0,0,0
werr0.20_wrp0.80,0.2,0.8,0.8,19,The algorithm performs local SGD steps on K clients for E epochs. Clients minimi,COMPLETED,88.16,1,True,PASS,PASS,5,1.0,0.0,0.0,1.0,0,0,0,0,0
werr0.20_wrp0.80,0.2,0.8,0.8,20,The algorithm updates x_{k+1} = prox_{eta*g}(x_k - eta * grad(f)(x_k)). Proof mu,COMPLETED,86.41,1,True,PASS,PASS,5,1.0,0.0,0.0,1.0,0,0,0,0,0
werr0.20_wrp0.80,0.2,0.8,0.8,21,The algorithm updates x_{k+1} = prox_{eta*g}(x_k - eta * grad(f)(x_k)). Proof mu,COMPLETED,69.91,1,True,PASS,PASS,5,1.0,0.0,0.0,1.0,0,0,0,0,0
werr0.20_wrp0.80,0.2,0.8,0.8,22,The algorithm updates x_{k+1} = prox_{eta*g}(x_k - eta * grad(f)(x_k)). Proof mu,COMPLETED,69.49,1,True,PASS,PASS,5,1.0,0.0,0.0,1.0,0,0,0,0,0
werr0.20_wrp0.80,0.2,0.8,0.8,23,The algorithm updates x_{k+1} = prox_{eta*g}(x_k - eta * grad(f)(x_k)). Proof mu,COMPLETED,75.05,1,True,PASS,PASS,5,1.0,0.0,0.0,1.0,0,0,0,0,0
werr0.20_wrp0.80,0.2,0.8,0.8,24,The algorithm updates x_{k+1} = prox_{eta*g}(x_k - eta * grad(f)(x_k)). Uses mom,COMPLETED,219.16,2,True,FAIL,PASS,5,1.0,1.0,0.0,1.0,1,0,1,2,0
werr0.20_wrp0.80,0.2,0.8,0.8,25,The algorithm updates x_{k+1} = prox_{eta*g}(x_k - eta * grad(f)(x_k)). Uses mom,COMPLETED,97.7,1,False,FAIL,FAIL,2,0.48,0.0,0.0,1.0,0,0,0,0,0
werr0.20_wrp0.80,0.2,0.8,0.8,26,The algorithm selects coordinate i_k with probability p_i. Update only affects c,COMPLETED,108.94,1,True,PASS,PASS,5,1.0,0.0,0.0,1.0,0,0,0,0,0
werr0.20_wrp0.80,0.2,0.8,0.8,27,The algorithm selects coordinate i_k with probability p_i. Update only affects c,COMPLETED,63.61,1,True,PASS,PASS,5,1.0,0.0,0.0,1.0,0,0,0,0,0
werr0.20_wrp0.80,0.2,0.8,0.8,28,The algorithm selects coordinate i_k with probability p_i. Update only affects c,COMPLETED,66.97,1,True,PASS_MINOR,PASS_MINOR,4,1.0,0.0,0.0,1.0,0,0,0,0,0
werr0.20_wrp0.80,0.2,0.8,0.8,29,The algorithm updates x_{k+1} = x_k + beta(x_k - x_{k-1}) - alpha * grad(f)(x_k),COMPLETED,82.18,1,True,PASS,PASS,5,1.0,0.0,0.0,1.0,0,0,0,0,0
werr0.20_wrp0.80,0.2,0.8,0.8,30,The algorithm updates x_{k+1} = x_k + beta(x_k - x_{k-1}) - alpha * grad(f)(x_k),COMPLETED,76.72,1,True,PASS,PASS,5,1.0,0.0,0.0,1.0,0,0,0,0,0
werr0.20_wrp0.80,0.2,0.8,0.8,31,The algorithm solves linear minimization oracle s_k = argmin_{s in C} <grad(f)(x,COMPLETED,161.64,2,True,FAIL,PASS,5,1.0,1.0,0.0,1.0,1,0,1,1,0
werr0.20_wrp0.80,0.2,0.8,0.8,32,The algorithm solves linear minimization oracle s_k = argmin_{s in C} <grad(f)(x,COMPLETED,67.85,1,True,PASS,PASS,5,1.0,0.0,0.0,1.0,0,0,0,0,0
werr0.20_wrp0.80,0.2,0.8,0.8,33,The algorithm solves linear minimization oracle s_k = argmin_{s in C} <grad(f)(x,COMPLETED,70.58,1,True,PASS,PASS,5,1.0,0.0,0.0,1.0,0,0,0,0,0
werr0.20_wrp0.80,0.2,0.8,0.8,34,"The algorithm clips gradients: g_t = grad(f)(x_t) / max(1, ||grad(f)(x_t)||/C). ",COMPLETED,82.09,1,True,PASS,PASS,5,1.0,0.0,0.0,1.0,0,0,0,0,0
werr0.20_wrp0.80,0.2,0.8,0.8,35,"The algorithm clips gradients: g_t = grad(f)(x_t) / max(1, ||grad(f)(x_t)||/C). ",COMPLETED,86.67,1,True,PASS,PASS,5,1.0,0.0,0.0,1.0,0,0,0,0,0
werr0.20_wrp0.80,0.2,0.8,0.8,36,The algorithm uses stochastic Hessian estimates H_t. Update: x_{k+1} = x_t - alp,COMPLETED,63.69,1,True,PASS_MINOR,PASS_MINOR,4,1.0,0.0,0.0,1.0,0,0,0,0,0
werr0.20_wrp0.80,0.2,0.8,0.8,37,The algorithm uses stochastic Hessian estimates H_t. Update: x_{k+1} = x_t - alp,COMPLETED,70.86,1,True,PASS,PASS,5,1.0,0.0,0.0,1.0,0,0,0,0,0
werr0.20_wrp0.80,0.2,0.8,0.8,38,The algorithm maintains dual variables y_k and primal x_k. Updates involve gradi,COMPLETED,119.95,1,True,PASS,PASS,5,1.0,0.0,0.0,1.0,0,0,0,0,0
werr0.20_wrp0.80,0.2,0.8,0.8,39,The algorithm maintains dual variables y_k and primal x_k. Updates involve gradi,COMPLETED,165.36,1,True,PASS,PASS,5,1.0,0.0,0.0,1.0,0,0,0,0,0
werr0.20_wrp0.80,0.2,0.8,0.8,40,"The algorithm minimizes max_x min_y L(x,y). Updates x via gradient ascent and y ",COMPLETED,181.58,2,True,FAIL,PASS,5,1.0,1.0,0.0,1.0,1,0,1,1,0
werr0.20_wrp0.80,0.2,0.8,0.8,41,"The algorithm minimizes max_x min_y L(x,y). Updates x via gradient ascent and y ",COMPLETED,62.56,1,True,PASS,PASS,5,1.0,0.0,0.0,1.0,0,0,0,0,0
werr0.20_wrp0.80,0.2,0.8,0.8,42,"The algorithm minimizes max_x min_y L(x,y). Uses extra gradient step: x_{k+1/2} ",COMPLETED,85.98,1,True,PASS_MINOR,PASS_MINOR,4,0.8,0.0,0.0,1.0,0,0,0,0,0
werr0.20_wrp0.80,0.2,0.8,0.8,43,"The algorithm minimizes max_x min_y L(x,y). Uses optimistic update: uses gradien",COMPLETED,75.13,1,True,PASS_MINOR,PASS_MINOR,4,0.88,0.0,0.0,1.0,0,0,0,0,0
werr0.20_wrp0.80,0.2,0.8,0.8,44,The algorithm adds Gaussian noise to gradients at each step: g_t = grad(f)(x_t) ,COMPLETED,97.91,1,True,PASS,PASS,5,1.0,0.0,0.0,1.0,0,0,0,0,0
werr0.20_wrp0.80,0.2,0.8,0.8,45,The algorithm adds Gaussian noise to gradients at each step: g_t = grad(f)(x_t) ,COMPLETED,219.22,1,True,PASS_MINOR,PASS_MINOR,4,1.0,0.0,0.0,1.0,0,0,0,0,0
werr0.20_wrp0.80,0.2,0.8,0.8,46,The algorithm maintains a running average of gradients A_k = sum_{i=1}^k g_i. St,COMPLETED,81.97,1,True,PASS_MINOR,PASS_MINOR,4,0.8,0.0,0.0,1.0,0,0,0,0,0
werr0.20_wrp0.80,0.2,0.8,0.8,47,The algorithm maintains a running average of gradients A_k = sum_{i=1}^k g_i. St,COMPLETED,173.28,2,True,FAIL,PASS,5,1.0,1.0,0.0,1.0,2,0,2,2,0
werr0.20_wrp0.80,0.2,0.8,0.8,48,The algorithm maintains a running average of squared gradients v_t = beta * v_{t,COMPLETED,203.2,1,True,PASS_MINOR,PASS_MINOR,4,0.88,0.0,0.0,1.0,0,0,0,0,0
werr0.20_wrp0.80,0.2,0.8,0.8,49,The algorithm uses a trust region constraint ||x - x_k|| <= Delta. Solves subpro,COMPLETED,101.74,1,True,PASS,PASS,5,1.0,0.0,0.0,1.0,0,0,0,0,0
werr0.20_wrp0.80,0.2,0.8,0.8,50,The algorithm uses a trust region constraint ||x - x_k|| <= Delta. Solves subpro,COMPLETED,65.6,1,True,PASS,PASS,5,1.0,0.0,0.0,1.0,0,0,0,0,0
werr0.20_wrp0.80,0.2,0.8,0.8,51,The algorithm updates x_{k+1} = x_k - alpha * grad(f)(x_k) + noise_k. Noise vari,COMPLETED,70.04,1,True,PASS,PASS,5,1.0,0.0,0.0,1.0,0,0,0,0,0
werr0.20_wrp0.80,0.2,0.8,0.8,52,The algorithm updates x_{k+1} = x_k - alpha * grad(f)(x_k) + noise_k. Noise vari,COMPLETED,71.37,1,True,PASS_MINOR,PASS_MINOR,4,0.6,0.0,0.0,1.0,0,1,-1,1,1
werr0.20_wrp0.80,0.2,0.8,0.8,53,The algorithm maintains a snapshot of weights every k steps. Uses interpolation ,COMPLETED,149.99,1,True,PASS,PASS,5,1.0,0.0,0.0,1.0,0,0,0,0,0
werr0.20_wrp0.80,0.2,0.8,0.8,54,The algorithm uses a cyclic learning rate schedule. Step size varies between eta,COMPLETED,226.45,2,True,CONDITIONAL,PASS,5,1.0,1.0,0.0,1.0,2,0,2,2,0
werr0.20_wrp0.80,0.2,0.8,0.8,55,The algorithm uses a warm restart schedule. Step size resets to eta_max every M ,COMPLETED,80.19,1,True,PASS,PASS,5,1.0,0.0,0.0,1.0,0,0,0,0,0
werr0.20_wrp0.80,0.2,0.8,0.8,56,The algorithm selects a random subset of coordinates at each step (block coordin,COMPLETED,215.26,1,True,PASS,PASS,5,1.0,0.0,0.0,1.0,0,0,0,0,0
werr0.20_wrp0.80,0.2,0.8,0.8,57,The algorithm selects a random subset of coordinates at each step (block coordin,COMPLETED,65.86,1,True,PASS,PASS,5,1.0,0.0,0.0,1.0,0,0,0,0,0
werr0.20_wrp0.80,0.2,0.8,0.8,58,The algorithm uses a quantized gradient operator Q(g) such that E[Q(g)] = g. Com,COMPLETED,57.03,1,True,PASS,PASS,5,1.0,0.0,0.0,1.0,0,0,0,0,0
werr0.20_wrp0.80,0.2,0.8,0.8,59,The algorithm uses a quantized gradient operator Q(g) such that E[Q(g)] = g. Com,COMPLETED,58.8,1,True,PASS,PASS,5,1.0,0.0,0.0,1.0,0,0,0,0,0
werr0.20_wrp0.80,0.2,0.8,0.8,60,The algorithm uses error feedback: stores quantization error e_k and adds it to ,COMPLETED,100.83,1,True,PASS,PASS,5,1.0,0.0,0.0,1.0,0,0,0,0,0
werr0.20_wrp0.80,0.2,0.8,0.8,61,The algorithm uses a sparse gradient operator: only top-K largest magnitude grad,COMPLETED,65.54,1,True,PASS_MINOR,PASS_MINOR,4,1.0,0.0,0.0,1.0,0,0,0,0,0
werr0.20_wrp0.80,0.2,0.8,0.8,62,The algorithm uses a sparse gradient operator: only top-K largest magnitude grad,COMPLETED,183.37,2,True,FAIL,PASS_MINOR,4,1.0,1.0,0.0,1.0,1,0,1,2,0
werr0.40_wrp0.00,0.4,0.6,0.0,0,The algorithm maintains two sequences x_k and y_k. Update: y_k = x_k + beta_k(x_,COMPLETED,56.57,1,True,PASS,PASS,5,1.0,0.0,0.0,1.0,0,0,0,0,0
werr0.40_wrp0.00,0.4,0.6,0.0,1,The algorithm maintains two sequences x_k and y_k. Update: y_k = x_k + beta_k(x_,COMPLETED,319.02,2,True,FAIL,PASS,5,1.0,1.0,0.0,1.0,0,0,0,0,0
werr0.40_wrp0.00,0.4,0.6,0.0,2,The algorithm maintains two sequences x_k and y_k. Update: y_k = x_k + beta_k(x_,COMPLETED,75.97,1,True,PASS_MINOR,PASS_MINOR,4,0.88,0.0,0.0,1.0,0,0,0,0,0
werr0.40_wrp0.00,0.4,0.6,0.0,3,"The algorithm updates parameters via x_{k+1} = argmin_x { <grad(f)(x_k), x> + (1",COMPLETED,70.17,1,True,PASS,PASS,5,1.0,0.0,0.0,1.0,0,0,0,0,0
werr0.40_wrp0.00,0.4,0.6,0.0,4,"The algorithm updates parameters via x_{k+1} = argmin_x { <grad(f)(x_k), x> + (1",COMPLETED,56.15,1,True,PASS,PASS,5,1.0,0.0,0.0,1.0,0,0,0,0,0
werr0.40_wrp0.00,0.4,0.6,0.0,5,The algorithm uses a double-loop structure. Outer loop updates full gradient. In,COMPLETED,81.71,1,True,PASS,PASS,5,1.0,0.0,0.0,1.0,0,0,0,0,0
werr0.40_wrp0.00,0.4,0.6,0.0,6,The algorithm uses a double-loop structure. Outer loop updates full gradient. In,COMPLETED,203.43,2,True,CONDITIONAL,PASS,5,1.0,1.0,0.0,1.0,1,0,1,1,0
werr0.40_wrp0.00,0.4,0.6,0.0,7,The algorithm uses a double-loop structure. Outer loop updates full gradient. In,COMPLETED,416.07,3,False,FAIL,FAIL,2,0.7,1.0,1.0,0.5,1,1,0,0,1
werr0.40_wrp0.00,0.4,0.6,0.0,8,The algorithm maintains a table of past gradients phi_i. Update: x_{k+1} = x_k -,COMPLETED,60.44,1,True,PASS,PASS,5,1.0,0.0,0.0,1.0,0,0,0,0,0
werr0.40_wrp0.00,0.4,0.6,0.0,9,The algorithm maintains a table of past gradients phi_i. Update: x_{k+1} = x_k -,COMPLETED,117.85,1,True,PASS,PASS,5,1.0,0.0,0.0,1.0,0,0,0,0,0
werr0.40_wrp0.00,0.4,0.6,0.0,10,The algorithm maintains a recursive variance estimator v_t = (1-alpha)v_{t-1} + ,COMPLETED,178.69,2,False,FAIL,CONDITIONAL,3,1.0,1.0,0.0,1.0,2,0,2,2,0
werr0.40_wrp0.00,0.4,0.6,0.0,11,The algorithm maintains a recursive variance estimator v_t = (1-alpha)v_{t-1} + ,COMPLETED,184.33,2,True,FAIL,PASS,5,1.0,1.0,0.0,1.0,2,0,2,2,0
werr0.40_wrp0.00,0.4,0.6,0.0,12,The algorithm maintains exponential moving averages m_t and v_t. Update includes,COMPLETED,88.13,1,True,PASS_MINOR,PASS_MINOR,4,0.8,0.0,0.0,1.0,0,0,0,0,0
werr0.40_wrp0.00,0.4,0.6,0.0,13,The algorithm maintains exponential moving averages m_t and v_t. Update includes,COMPLETED,79.57,1,True,PASS_MINOR,PASS_MINOR,4,0.88,0.0,0.0,1.0,0,0,0,0,0
werr0.40_wrp0.00,0.4,0.6,0.0,14,The algorithm updates parameters using only the sign of the gradient: x_{k+1} = ,COMPLETED,78.35,1,True,PASS_MINOR,PASS_MINOR,4,0.6,0.0,0.0,1.0,0,1,-1,1,1
werr0.40_wrp0.00,0.4,0.6,0.0,15,The algorithm updates parameters using only the sign of the gradient: x_{k+1} = ,COMPLETED,65.53,1,True,PASS,PASS,5,1.0,0.0,0.0,1.0,0,0,0,0,0
werr0.40_wrp0.00,0.4,0.6,0.0,16,The algorithm performs local SGD steps on K clients for E epochs before averagin,COMPLETED,148.56,1,True,PASS,PASS,5,1.0,0.0,0.0,1.0,0,0,0,0,0
werr0.40_wrp0.00,0.4,0.6,0.0,17,The algorithm performs local SGD steps on K clients for E epochs before averagin,COMPLETED,117.14,1,True,PASS,PASS,5,1.0,0.0,0.0,1.0,0,0,0,0,0
werr0.40_wrp0.00,0.4,0.6,0.0,18,The algorithm performs local SGD steps on K clients for E epochs. Clients minimi,COMPLETED,87.33,1,False,FAIL,FAIL,2,0.4,0.0,0.0,1.0,0,0,0,0,0
werr0.40_wrp0.00,0.4,0.6,0.0,19,The algorithm performs local SGD steps on K clients for E epochs. Clients minimi,COMPLETED,72.68,1,True,PASS,PASS,5,1.0,0.0,0.0,1.0,0,0,0,0,0
werr0.40_wrp0.00,0.4,0.6,0.0,20,The algorithm updates x_{k+1} = prox_{eta*g}(x_k - eta * grad(f)(x_k)). Proof mu,COMPLETED,70.92,1,True,PASS,PASS,5,1.0,0.0,0.0,1.0,0,0,0,0,0
werr0.40_wrp0.00,0.4,0.6,0.0,21,The algorithm updates x_{k+1} = prox_{eta*g}(x_k - eta * grad(f)(x_k)). Proof mu,COMPLETED,113.52,1,True,PASS,PASS,5,1.0,0.0,0.0,1.0,0,0,0,0,0
werr0.40_wrp0.00,0.4,0.6,0.0,22,The algorithm updates x_{k+1} = prox_{eta*g}(x_k - eta * grad(f)(x_k)). Proof mu,COMPLETED,81.08,1,True,PASS,PASS,5,1.0,0.0,0.0,1.0,0,0,0,0,0
werr0.40_wrp0.00,0.4,0.6,0.0,23,The algorithm updates x_{k+1} = prox_{eta*g}(x_k - eta * grad(f)(x_k)). Proof mu,COMPLETED,83.09,1,True,PASS,PASS,5,1.0,0.0,0.0,1.0,0,0,0,0,0
werr0.40_wrp0.00,0.4,0.6,0.0,24,The algorithm updates x_{k+1} = prox_{eta*g}(x_k - eta * grad(f)(x_k)). Uses mom,COMPLETED,88.86,1,True,PASS_MINOR,PASS_MINOR,4,1.0,0.0,0.0,1.0,0,0,0,0,0
werr0.40_wrp0.00,0.4,0.6,0.0,25,The algorithm updates x_{k+1} = prox_{eta*g}(x_k - eta * grad(f)(x_k)). Uses mom,COMPLETED,81.77,1,True,PASS_MINOR,PASS_MINOR,4,0.8,0.0,0.0,1.0,0,0,0,0,0
werr0.40_wrp0.00,0.4,0.6,0.0,26,The algorithm selects coordinate i_k with probability p_i. Update only affects c,COMPLETED,56.85,1,True,PASS,PASS,5,1.0,0.0,0.0,1.0,0,0,0,0,0
werr0.40_wrp0.00,0.4,0.6,0.0,27,The algorithm selects coordinate i_k with probability p_i. Update only affects c,COMPLETED,54.84,1,True,PASS_MINOR,PASS_MINOR,4,1.0,0.0,0.0,1.0,0,0,0,0,0
werr0.40_wrp0.00,0.4,0.6,0.0,28,The algorithm selects coordinate i_k with probability p_i. Update only affects c,COMPLETED,101.04,1,True,PASS_MINOR,PASS_MINOR,4,0.6,0.0,0.0,1.0,0,1,-1,1,1
werr0.40_wrp0.00,0.4,0.6,0.0,29,The algorithm updates x_{k+1} = x_k + beta(x_k - x_{k-1}) - alpha * grad(f)(x_k),COMPLETED,70.4,1,True,PASS,PASS,5,1.0,0.0,0.0,1.0,0,0,0,0,0
werr0.40_wrp0.00,0.4,0.6,0.0,30,The algorithm updates x_{k+1} = x_k + beta(x_k - x_{k-1}) - alpha * grad(f)(x_k),COMPLETED,54.03,1,True,PASS,PASS,5,1.0,0.0,0.0,1.0,0,0,0,0,0
werr0.40_wrp0.00,0.4,0.6,0.0,31,The algorithm solves linear minimization oracle s_k = argmin_{s in C} <grad(f)(x,COMPLETED,58.9,1,True,PASS,PASS,5,1.0,0.0,0.0,1.0,0,0,0,0,0
werr0.40_wrp0.00,0.4,0.6,0.0,32,The algorithm solves linear minimization oracle s_k = argmin_{s in C} <grad(f)(x,COMPLETED,61.48,1,True,PASS,PASS,5,1.0,0.0,0.0,1.0,0,0,0,0,0
werr0.40_wrp0.00,0.4,0.6,0.0,33,The algorithm solves linear minimization oracle s_k = argmin_{s in C} <grad(f)(x,COMPLETED,69.48,1,True,PASS,PASS,5,1.0,0.0,0.0,1.0,0,0,0,0,0
werr0.40_wrp0.00,0.4,0.6,0.0,34,"The algorithm clips gradients: g_t = grad(f)(x_t) / max(1, ||grad(f)(x_t)||/C). ",COMPLETED,64.34,1,True,PASS,PASS,5,1.0,0.0,0.0,1.0,0,0,0,0,0
werr0.40_wrp0.00,0.4,0.6,0.0,35,"The algorithm clips gradients: g_t = grad(f)(x_t) / max(1, ||grad(f)(x_t)||/C). ",COMPLETED,61.41,1,True,PASS,PASS,5,1.0,0.0,0.0,1.0,0,0,0,0,0
werr0.40_wrp0.00,0.4,0.6,0.0,36,The algorithm uses stochastic Hessian estimates H_t. Update: x_{k+1} = x_t - alp,COMPLETED,118.23,1,True,PASS_MINOR,PASS_MINOR,4,1.0,0.0,0.0,1.0,0,0,0,0,0
werr0.40_wrp0.00,0.4,0.6,0.0,37,The algorithm uses stochastic Hessian estimates H_t. Update: x_{k+1} = x_t - alp,COMPLETED,78.49,1,True,PASS_MINOR,PASS_MINOR,4,0.8,0.0,0.0,1.0,0,0,0,0,0
werr0.40_wrp0.00,0.4,0.6,0.0,38,The algorithm maintains dual variables y_k and primal x_k. Updates involve gradi,COMPLETED,90.17,1,True,PASS,PASS,5,1.0,0.0,0.0,1.0,0,0,0,0,0
werr0.40_wrp0.00,0.4,0.6,0.0,39,The algorithm maintains dual variables y_k and primal x_k. Updates involve gradi,COMPLETED,70.27,1,True,PASS,PASS,5,1.0,0.0,0.0,1.0,0,0,0,0,0
werr0.40_wrp0.00,0.4,0.6,0.0,40,"The algorithm minimizes max_x min_y L(x,y). Updates x via gradient ascent and y ",COMPLETED,68.47,1,True,PASS,PASS,5,1.0,0.0,0.0,1.0,0,0,0,0,0
werr0.40_wrp0.00,0.4,0.6,0.0,41,"The algorithm minimizes max_x min_y L(x,y). Updates x via gradient ascent and y ",COMPLETED,68.81,1,True,PASS,PASS,5,1.0,0.0,0.0,1.0,0,0,0,0,0
werr0.40_wrp0.00,0.4,0.6,0.0,42,"The algorithm minimizes max_x min_y L(x,y). Uses extra gradient step: x_{k+1/2} ",COMPLETED,84.37,1,True,PASS,PASS,5,1.0,0.0,0.0,1.0,0,0,0,0,0
werr0.40_wrp0.00,0.4,0.6,0.0,43,"The algorithm minimizes max_x min_y L(x,y). Uses optimistic update: uses gradien",COMPLETED,75.07,1,True,PASS,PASS,5,1.0,0.0,0.0,1.0,0,0,0,0,0
werr0.40_wrp0.00,0.4,0.6,0.0,44,The algorithm adds Gaussian noise to gradients at each step: g_t = grad(f)(x_t) ,COMPLETED,176.33,1,True,PASS,PASS,5,1.0,0.0,0.0,1.0,0,0,0,0,0
werr0.40_wrp0.00,0.4,0.6,0.0,45,The algorithm adds Gaussian noise to gradients at each step: g_t = grad(f)(x_t) ,COMPLETED,66.96,1,True,PASS,PASS,5,1.0,0.0,0.0,1.0,0,0,0,0,0
werr0.40_wrp0.00,0.4,0.6,0.0,46,The algorithm maintains a running average of gradients A_k = sum_{i=1}^k g_i. St,COMPLETED,119.89,1,True,PASS,PASS,5,1.0,0.0,0.0,1.0,0,0,0,0,0
werr0.40_wrp0.00,0.4,0.6,0.0,47,The algorithm maintains a running average of gradients A_k = sum_{i=1}^k g_i. St,COMPLETED,175.58,2,False,FAIL,FAIL,2,1.0,1.0,0.0,1.0,1,0,1,1,0
werr0.40_wrp0.00,0.4,0.6,0.0,48,The algorithm maintains a running average of squared gradients v_t = beta * v_{t,COMPLETED,85.95,1,True,PASS_MINOR,PASS_MINOR,4,0.8,0.0,0.0,1.0,0,0,0,0,0
werr0.40_wrp0.00,0.4,0.6,0.0,49,The algorithm uses a trust region constraint ||x - x_k|| <= Delta. Solves subpro,COMPLETED,81.73,1,True,PASS,PASS,5,1.0,0.0,0.0,1.0,0,0,0,0,0
werr0.40_wrp0.00,0.4,0.6,0.0,50,The algorithm uses a trust region constraint ||x - x_k|| <= Delta. Solves subpro,COMPLETED,70.24,1,True,PASS,PASS,5,1.0,0.0,0.0,1.0,0,0,0,0,0
werr0.40_wrp0.00,0.4,0.6,0.0,51,The algorithm updates x_{k+1} = x_k - alpha * grad(f)(x_k) + noise_k. Noise vari,COMPLETED,68.56,1,True,PASS_MINOR,PASS_MINOR,4,0.66,0.0,0.0,1.0,0,1,-1,1,1
werr0.40_wrp0.00,0.4,0.6,0.0,52,The algorithm updates x_{k+1} = x_k - alpha * grad(f)(x_k) + noise_k. Noise vari,COMPLETED,153.07,2,True,FAIL,PASS,5,1.0,1.0,0.0,1.0,1,0,1,2,0
werr0.40_wrp0.00,0.4,0.6,0.0,53,The algorithm maintains a snapshot of weights every k steps. Uses interpolation ,COMPLETED,78.69,1,True,PASS,PASS,5,1.0,0.0,0.0,1.0,0,0,0,0,0
werr0.40_wrp0.00,0.4,0.6,0.0,54,The algorithm uses a cyclic learning rate schedule. Step size varies between eta,COMPLETED,65.71,1,True,PASS,PASS,5,1.0,0.0,0.0,1.0,0,0,0,0,0
werr0.40_wrp0.00,0.4,0.6,0.0,55,The algorithm uses a warm restart schedule. Step size resets to eta_max every M ,COMPLETED,100.34,1,True,PASS_MINOR,PASS_MINOR,4,0.8,0.0,0.0,1.0,0,0,0,0,0
werr0.40_wrp0.00,0.4,0.6,0.0,56,The algorithm selects a random subset of coordinates at each step (block coordin,COMPLETED,60.16,1,True,PASS,PASS,5,1.0,0.0,0.0,1.0,0,0,0,0,0
werr0.40_wrp0.00,0.4,0.6,0.0,57,The algorithm selects a random subset of coordinates at each step (block coordin,COMPLETED,93.07,1,True,PASS,PASS,5,1.0,0.0,0.0,1.0,0,0,0,0,0
werr0.40_wrp0.00,0.4,0.6,0.0,58,The algorithm uses a quantized gradient operator Q(g) such that E[Q(g)] = g. Com,COMPLETED,68.95,1,True,PASS,PASS,5,1.0,0.0,0.0,1.0,0,0,0,0,0
werr0.40_wrp0.00,0.4,0.6,0.0,59,The algorithm uses a quantized gradient operator Q(g) such that E[Q(g)] = g. Com,COMPLETED,355.01,1,True,PASS,PASS,5,1.0,0.0,0.0,1.0,0,0,0,0,0
werr0.40_wrp0.00,0.4,0.6,0.0,60,The algorithm uses error feedback: stores quantization error e_k and adds it to ,COMPLETED,372.8,1,True,PASS,PASS,5,1.0,0.0,0.0,1.0,0,0,0,0,0
werr0.40_wrp0.00,0.4,0.6,0.0,61,The algorithm uses a sparse gradient operator: only top-K largest magnitude grad,COMPLETED,76.3,1,True,PASS,PASS,5,1.0,0.0,0.0,1.0,0,0,0,0,0
werr0.40_wrp0.00,0.4,0.6,0.0,62,The algorithm uses a sparse gradient operator: only top-K largest magnitude grad,COMPLETED,354.91,1,True,PASS,PASS,5,1.0,0.0,0.0,1.0,0,0,0,0,0
werr0.40_wrp0.20,0.4,0.6,0.2,0,The algorithm maintains two sequences x_k and y_k. Update: y_k = x_k + beta_k(x_,COMPLETED,74.01,1,True,PASS,PASS,5,1.0,0.0,0.0,1.0,0,0,0,0,0
werr0.40_wrp0.20,0.4,0.6,0.2,1,The algorithm maintains two sequences x_k and y_k. Update: y_k = x_k + beta_k(x_,COMPLETED,69.52,1,True,PASS_MINOR,PASS_MINOR,4,0.88,0.0,0.0,1.0,0,0,0,0,0
werr0.40_wrp0.20,0.4,0.6,0.2,2,The algorithm maintains two sequences x_k and y_k. Update: y_k = x_k + beta_k(x_,COMPLETED,203.69,2,True,FAIL,PASS,5,1.0,1.0,0.0,1.0,0,0,0,0,0
werr0.40_wrp0.20,0.4,0.6,0.2,3,"The algorithm updates parameters via x_{k+1} = argmin_x { <grad(f)(x_k), x> + (1",COMPLETED,73.17,1,True,PASS,PASS,5,1.0,0.0,0.0,1.0,0,0,0,0,0
werr0.40_wrp0.20,0.4,0.6,0.2,4,"The algorithm updates parameters via x_{k+1} = argmin_x { <grad(f)(x_k), x> + (1",COMPLETED,77.86,1,True,PASS_MINOR,PASS_MINOR,4,0.6,0.0,0.0,1.0,0,1,-1,1,1
werr0.40_wrp0.20,0.4,0.6,0.2,5,The algorithm uses a double-loop structure. Outer loop updates full gradient. In,COMPLETED,84.01,1,True,PASS,PASS,5,1.0,0.0,0.0,1.0,0,0,0,0,0
werr0.40_wrp0.20,0.4,0.6,0.2,6,The algorithm uses a double-loop structure. Outer loop updates full gradient. In,COMPLETED,77.49,1,True,PASS,PASS,5,1.0,0.0,0.0,1.0,0,0,0,0,0
werr0.40_wrp0.20,0.4,0.6,0.2,7,The algorithm uses a double-loop structure. Outer loop updates full gradient. In,COMPLETED,75.96,1,True,PASS,PASS,5,1.0,0.0,0.0,1.0,0,0,0,0,0
werr0.40_wrp0.20,0.4,0.6,0.2,8,The algorithm maintains a table of past gradients phi_i. Update: x_{k+1} = x_k -,COMPLETED,74.01,1,True,PASS,PASS,5,1.0,0.0,0.0,1.0,0,0,0,0,0
werr0.40_wrp0.20,0.4,0.6,0.2,9,The algorithm maintains a table of past gradients phi_i. Update: x_{k+1} = x_k -,COMPLETED,80.98,1,True,PASS_MINOR,PASS_MINOR,4,0.8,0.0,0.0,1.0,0,0,0,0,0
werr0.40_wrp0.20,0.4,0.6,0.2,10,The algorithm maintains a recursive variance estimator v_t = (1-alpha)v_{t-1} + ,COMPLETED,125.45,1,True,PASS_MINOR,PASS_MINOR,4,0.8,0.0,0.0,1.0,0,0,0,0,0
werr0.40_wrp0.20,0.4,0.6,0.2,11,The algorithm maintains a recursive variance estimator v_t = (1-alpha)v_{t-1} + ,COMPLETED,94.75,1,True,PASS,PASS,5,1.0,0.0,0.0,1.0,0,0,0,0,0
werr0.40_wrp0.20,0.4,0.6,0.2,12,The algorithm maintains exponential moving averages m_t and v_t. Update includes,COMPLETED,78.04,1,True,PASS,PASS,5,1.0,0.0,0.0,1.0,0,0,0,0,0
werr0.40_wrp0.20,0.4,0.6,0.2,13,The algorithm maintains exponential moving averages m_t and v_t. Update includes,COMPLETED,84.49,1,True,PASS,PASS,5,1.0,0.0,0.0,1.0,0,0,0,0,0
werr0.40_wrp0.20,0.4,0.6,0.2,14,The algorithm updates parameters using only the sign of the gradient: x_{k+1} = ,COMPLETED,114.79,1,True,PASS,PASS,5,1.0,0.0,0.0,1.0,0,0,0,0,0
werr0.40_wrp0.20,0.4,0.6,0.2,15,The algorithm updates parameters using only the sign of the gradient: x_{k+1} = ,COMPLETED,77.7,1,True,PASS_MINOR,PASS_MINOR,4,1.0,0.0,0.0,1.0,0,0,0,0,0
werr0.40_wrp0.20,0.4,0.6,0.2,16,The algorithm performs local SGD steps on K clients for E epochs before averagin,COMPLETED,74.38,1,True,PASS_MINOR,PASS_MINOR,4,0.5333,0.0,0.0,1.0,0,2,-2,2,2
werr0.40_wrp0.20,0.4,0.6,0.2,17,The algorithm performs local SGD steps on K clients for E epochs before averagin,COMPLETED,67.16,1,True,PASS,PASS,5,1.0,0.0,0.0,1.0,0,0,0,0,0
werr0.40_wrp0.20,0.4,0.6,0.2,18,The algorithm performs local SGD steps on K clients for E epochs. Clients minimi,COMPLETED,61.23,1,True,PASS,PASS,5,1.0,0.0,0.0,1.0,0,0,0,0,0
werr0.40_wrp0.20,0.4,0.6,0.2,19,The algorithm performs local SGD steps on K clients for E epochs. Clients minimi,COMPLETED,69.9,1,True,PASS_MINOR,PASS_MINOR,4,1.0,0.0,0.0,1.0,0,0,0,0,0
werr0.40_wrp0.20,0.4,0.6,0.2,20,The algorithm updates x_{k+1} = prox_{eta*g}(x_k - eta * grad(f)(x_k)). Proof mu,COMPLETED,76.3,1,True,PASS,PASS,5,1.0,0.0,0.0,1.0,0,0,0,0,0
werr0.40_wrp0.20,0.4,0.6,0.2,21,The algorithm updates x_{k+1} = prox_{eta*g}(x_k - eta * grad(f)(x_k)). Proof mu,COMPLETED,56.95,1,True,PASS,PASS,5,1.0,0.0,0.0,1.0,0,0,0,0,0
werr0.40_wrp0.20,0.4,0.6,0.2,22,The algorithm updates x_{k+1} = prox_{eta*g}(x_k - eta * grad(f)(x_k)). Proof mu,COMPLETED,67.89,1,True,PASS,PASS,5,1.0,0.0,0.0,1.0,0,0,0,0,0
werr0.40_wrp0.20,0.4,0.6,0.2,23,The algorithm updates x_{k+1} = prox_{eta*g}(x_k - eta * grad(f)(x_k)). Proof mu,COMPLETED,93.35,1,True,PASS,PASS,5,1.0,0.0,0.0,1.0,0,0,0,0,0
werr0.40_wrp0.20,0.4,0.6,0.2,24,The algorithm updates x_{k+1} = prox_{eta*g}(x_k - eta * grad(f)(x_k)). Uses mom,COMPLETED,74.6,1,True,PASS,PASS,5,1.0,0.0,0.0,1.0,0,0,0,0,0
werr0.40_wrp0.20,0.4,0.6,0.2,25,The algorithm updates x_{k+1} = prox_{eta*g}(x_k - eta * grad(f)(x_k)). Uses mom,COMPLETED,85.82,1,True,PASS,PASS,5,1.0,0.0,0.0,1.0,0,0,0,0,0
werr0.40_wrp0.20,0.4,0.6,0.2,26,The algorithm selects coordinate i_k with probability p_i. Update only affects c,COMPLETED,90.95,1,True,PASS_MINOR,PASS_MINOR,4,0.6,0.0,0.0,1.0,0,1,-1,1,1
werr0.40_wrp0.20,0.4,0.6,0.2,27,The algorithm selects coordinate i_k with probability p_i. Update only affects c,COMPLETED,60.3,1,True,PASS,PASS,5,1.0,0.0,0.0,1.0,0,0,0,0,0
werr0.40_wrp0.20,0.4,0.6,0.2,28,The algorithm selects coordinate i_k with probability p_i. Update only affects c,COMPLETED,70.74,1,True,PASS,PASS,5,1.0,0.0,0.0,1.0,0,0,0,0,0
werr0.40_wrp0.20,0.4,0.6,0.2,29,The algorithm updates x_{k+1} = x_k + beta(x_k - x_{k-1}) - alpha * grad(f)(x_k),COMPLETED,77.14,1,True,PASS,PASS,5,1.0,0.0,0.0,1.0,0,0,0,0,0
werr0.40_wrp0.20,0.4,0.6,0.2,30,The algorithm updates x_{k+1} = x_k + beta(x_k - x_{k-1}) - alpha * grad(f)(x_k),COMPLETED,70.72,1,True,PASS,PASS,5,1.0,0.0,0.0,1.0,0,0,0,0,0
werr0.40_wrp0.20,0.4,0.6,0.2,31,The algorithm solves linear minimization oracle s_k = argmin_{s in C} <grad(f)(x,COMPLETED,91.4,1,True,PASS_MINOR,PASS_MINOR,4,0.6,0.0,0.0,1.0,0,1,-1,1,1
werr0.40_wrp0.20,0.4,0.6,0.2,32,The algorithm solves linear minimization oracle s_k = argmin_{s in C} <grad(f)(x,COMPLETED,119.79,1,True,PASS_MINOR,PASS_MINOR,4,0.8,0.0,0.0,1.0,0,0,0,0,0
werr0.40_wrp0.20,0.4,0.6,0.2,33,The algorithm solves linear minimization oracle s_k = argmin_{s in C} <grad(f)(x,COMPLETED,85.39,1,True,PASS_MINOR,PASS_MINOR,4,0.88,0.0,0.0,1.0,0,0,0,0,0
werr0.40_wrp0.20,0.4,0.6,0.2,34,"The algorithm clips gradients: g_t = grad(f)(x_t) / max(1, ||grad(f)(x_t)||/C). ",COMPLETED,227.53,2,True,FAIL,PASS,5,1.0,1.0,0.0,1.0,0,0,0,0,0
werr0.40_wrp0.20,0.4,0.6,0.2,35,"The algorithm clips gradients: g_t = grad(f)(x_t) / max(1, ||grad(f)(x_t)||/C). ",COMPLETED,72.41,1,True,PASS,PASS,5,1.0,0.0,0.0,1.0,0,0,0,0,0
werr0.40_wrp0.20,0.4,0.6,0.2,36,The algorithm uses stochastic Hessian estimates H_t. Update: x_{k+1} = x_t - alp,COMPLETED,97.09,1,True,PASS_MINOR,PASS_MINOR,4,0.51,0.0,0.0,1.0,0,1,-1,1,1
werr0.40_wrp0.20,0.4,0.6,0.2,37,The algorithm uses stochastic Hessian estimates H_t. Update: x_{k+1} = x_t - alp,COMPLETED,200.54,2,True,FAIL,PASS,5,1.0,1.0,0.0,1.0,2,0,2,4,0
werr0.40_wrp0.20,0.4,0.6,0.2,38,The algorithm maintains dual variables y_k and primal x_k. Updates involve gradi,COMPLETED,57.8,1,True,PASS,PASS,5,1.0,0.0,0.0,1.0,0,0,0,0,0
werr0.40_wrp0.20,0.4,0.6,0.2,39,The algorithm maintains dual variables y_k and primal x_k. Updates involve gradi,COMPLETED,60.04,1,True,PASS,PASS,5,1.0,0.0,0.0,1.0,0,0,0,0,0
werr0.40_wrp0.20,0.4,0.6,0.2,40,"The algorithm minimizes max_x min_y L(x,y). Updates x via gradient ascent and y ",COMPLETED,70.16,1,True,PASS,PASS,5,1.0,0.0,0.0,1.0,0,0,0,0,0
werr0.40_wrp0.20,0.4,0.6,0.2,41,"The algorithm minimizes max_x min_y L(x,y). Updates x via gradient ascent and y ",COMPLETED,107.37,1,True,PASS_MINOR,PASS_MINOR,4,0.8,0.0,0.0,1.0,0,0,0,0,0
werr0.40_wrp0.20,0.4,0.6,0.2,42,"The algorithm minimizes max_x min_y L(x,y). Uses extra gradient step: x_{k+1/2} ",COMPLETED,75.85,1,True,PASS,PASS,5,1.0,0.0,0.0,1.0,0,0,0,0,0
werr0.40_wrp0.20,0.4,0.6,0.2,43,"The algorithm minimizes max_x min_y L(x,y). Uses optimistic update: uses gradien",COMPLETED,74.21,1,True,PASS,PASS,5,1.0,0.0,0.0,1.0,0,0,0,0,0
werr0.40_wrp0.20,0.4,0.6,0.2,44,The algorithm adds Gaussian noise to gradients at each step: g_t = grad(f)(x_t) ,COMPLETED,66.99,1,True,PASS,PASS,5,1.0,0.0,0.0,1.0,0,0,0,0,0
werr0.40_wrp0.20,0.4,0.6,0.2,45,The algorithm adds Gaussian noise to gradients at each step: g_t = grad(f)(x_t) ,COMPLETED,62.15,1,True,PASS,PASS,5,1.0,0.0,0.0,1.0,0,0,0,0,0
werr0.40_wrp0.20,0.4,0.6,0.2,46,The algorithm maintains a running average of gradients A_k = sum_{i=1}^k g_i. St,COMPLETED,161.71,2,True,CONDITIONAL,PASS,5,1.0,1.0,0.0,1.0,0,0,0,0,0
werr0.40_wrp0.20,0.4,0.6,0.2,47,The algorithm maintains a running average of gradients A_k = sum_{i=1}^k g_i. St,COMPLETED,65.15,1,True,PASS,PASS,5,1.0,0.0,0.0,1.0,0,0,0,0,0
werr0.40_wrp0.20,0.4,0.6,0.2,48,The algorithm maintains a running average of squared gradients v_t = beta * v_{t,COMPLETED,86.46,1,True,PASS,PASS,5,1.0,0.0,0.0,1.0,0,0,0,0,0
werr0.40_wrp0.20,0.4,0.6,0.2,49,The algorithm uses a trust region constraint ||x - x_k|| <= Delta. Solves subpro,COMPLETED,136.42,1,True,PASS_MINOR,PASS_MINOR,4,1.0,0.0,0.0,1.0,0,0,0,0,0
werr0.40_wrp0.20,0.4,0.6,0.2,50,The algorithm uses a trust region constraint ||x - x_k|| <= Delta. Solves subpro,COMPLETED,108.5,1,False,FAIL,FAIL,2,0.6,0.0,0.0,1.0,0,0,0,0,0
werr0.40_wrp0.20,0.4,0.6,0.2,51,The algorithm updates x_{k+1} = x_k - alpha * grad(f)(x_k) + noise_k. Noise vari,COMPLETED,104.28,1,True,PASS_MINOR,PASS_MINOR,4,0.92,0.0,0.0,1.0,0,0,0,0,0
werr0.40_wrp0.20,0.4,0.6,0.2,52,The algorithm updates x_{k+1} = x_k - alpha * grad(f)(x_k) + noise_k. Noise vari,COMPLETED,62.68,1,True,PASS,PASS,5,1.0,0.0,0.0,1.0,0,0,0,0,0
werr0.40_wrp0.20,0.4,0.6,0.2,53,The algorithm maintains a snapshot of weights every k steps. Uses interpolation ,COMPLETED,67.42,1,True,PASS,PASS,5,1.0,0.0,0.0,1.0,0,0,0,0,0
werr0.40_wrp0.20,0.4,0.6,0.2,54,The algorithm uses a cyclic learning rate schedule. Step size varies between eta,COMPLETED,67.22,1,True,PASS,PASS,5,1.0,0.0,0.0,1.0,0,0,0,0,0
werr0.40_wrp0.20,0.4,0.6,0.2,55,The algorithm uses a warm restart schedule. Step size resets to eta_max every M ,COMPLETED,103.82,1,True,PASS_MINOR,PASS_MINOR,4,0.6,0.0,0.0,1.0,0,1,-1,1,1
werr0.40_wrp0.20,0.4,0.6,0.2,56,The algorithm selects a random subset of coordinates at each step (block coordin,COMPLETED,56.34,1,True,PASS,PASS,5,1.0,0.0,0.0,1.0,0,0,0,0,0
werr0.40_wrp0.20,0.4,0.6,0.2,57,The algorithm selects a random subset of coordinates at each step (block coordin,COMPLETED,60.92,1,True,PASS_MINOR,PASS_MINOR,4,1.0,0.0,0.0,1.0,0,0,0,0,0
werr0.40_wrp0.20,0.4,0.6,0.2,58,The algorithm uses a quantized gradient operator Q(g) such that E[Q(g)] = g. Com,COMPLETED,78.16,1,True,PASS,PASS,5,1.0,0.0,0.0,1.0,0,0,0,0,0
werr0.40_wrp0.20,0.4,0.6,0.2,59,The algorithm uses a quantized gradient operator Q(g) such that E[Q(g)] = g. Com,COMPLETED,95.73,1,True,PASS_MINOR,PASS_MINOR,4,0.66,0.0,0.0,1.0,0,1,-1,1,1
werr0.40_wrp0.20,0.4,0.6,0.2,60,The algorithm uses error feedback: stores quantization error e_k and adds it to ,COMPLETED,70.55,1,True,PASS,PASS,5,1.0,0.0,0.0,1.0,0,0,0,0,0
werr0.40_wrp0.20,0.4,0.6,0.2,61,The algorithm uses a sparse gradient operator: only top-K largest magnitude grad,COMPLETED,70.6,1,True,PASS_MINOR,PASS_MINOR,4,1.0,0.0,0.0,1.0,0,0,0,0,0
werr0.40_wrp0.20,0.4,0.6,0.2,62,The algorithm uses a sparse gradient operator: only top-K largest magnitude grad,COMPLETED,74.79,1,True,PASS,PASS,5,1.0,0.0,0.0,1.0,0,0,0,0,0
werr0.40_wrp0.40,0.4,0.6,0.4,0,The algorithm maintains two sequences x_k and y_k. Update: y_k = x_k + beta_k(x_,COMPLETED,82.2,1,True,PASS,PASS,5,1.0,0.0,0.0,1.0,0,0,0,0,0
werr0.40_wrp0.40,0.4,0.6,0.4,1,The algorithm maintains two sequences x_k and y_k. Update: y_k = x_k + beta_k(x_,COMPLETED,86.33,1,True,PASS,PASS,5,1.0,0.0,0.0,1.0,0,0,0,0,0
werr0.40_wrp0.40,0.4,0.6,0.4,2,The algorithm maintains two sequences x_k and y_k. Update: y_k = x_k + beta_k(x_,COMPLETED,75.7,1,True,PASS,PASS,5,1.0,0.0,0.0,1.0,0,0,0,0,0
werr0.40_wrp0.40,0.4,0.6,0.4,3,"The algorithm updates parameters via x_{k+1} = argmin_x { <grad(f)(x_k), x> + (1",COMPLETED,146.28,2,True,CONDITIONAL,PASS,5,1.0,1.0,0.0,1.0,0,0,0,0,0
werr0.40_wrp0.40,0.4,0.6,0.4,4,"The algorithm updates parameters via x_{k+1} = argmin_x { <grad(f)(x_k), x> + (1",COMPLETED,143.74,1,True,PASS,PASS,5,1.0,0.0,0.0,1.0,0,0,0,0,0
werr0.40_wrp0.40,0.4,0.6,0.4,5,The algorithm uses a double-loop structure. Outer loop updates full gradient. In,COMPLETED,89.68,1,True,PASS_MINOR,PASS_MINOR,4,0.6,0.0,0.0,1.0,0,1,-1,1,1
werr0.40_wrp0.40,0.4,0.6,0.4,6,The algorithm uses a double-loop structure. Outer loop updates full gradient. In,COMPLETED,54.73,1,True,PASS,PASS,5,1.0,0.0,0.0,1.0,0,0,0,0,0
werr0.40_wrp0.40,0.4,0.6,0.4,7,The algorithm uses a double-loop structure. Outer loop updates full gradient. In,COMPLETED,132.59,1,True,PASS,PASS,5,1.0,0.0,0.0,1.0,0,0,0,0,0
werr0.40_wrp0.40,0.4,0.6,0.4,8,The algorithm maintains a table of past gradients phi_i. Update: x_{k+1} = x_k -,COMPLETED,143.04,1,True,PASS,PASS,5,1.0,0.0,0.0,1.0,0,0,0,0,0
werr0.40_wrp0.40,0.4,0.6,0.4,9,The algorithm maintains a table of past gradients phi_i. Update: x_{k+1} = x_k -,COMPLETED,62.1,1,True,PASS,PASS,5,1.0,0.0,0.0,1.0,0,0,0,0,0
werr0.40_wrp0.40,0.4,0.6,0.4,10,The algorithm maintains a recursive variance estimator v_t = (1-alpha)v_{t-1} + ,COMPLETED,87.15,1,True,PASS,PASS,5,1.0,0.0,0.0,1.0,0,0,0,0,0
werr0.40_wrp0.40,0.4,0.6,0.4,11,The algorithm maintains a recursive variance estimator v_t = (1-alpha)v_{t-1} + ,COMPLETED,65.74,1,True,PASS,PASS,5,1.0,0.0,0.0,1.0,0,0,0,0,0
werr0.40_wrp0.40,0.4,0.6,0.4,12,The algorithm maintains exponential moving averages m_t and v_t. Update includes,COMPLETED,73.13,1,False,FAIL,FAIL,2,0.4,0.0,0.0,1.0,0,0,0,0,0
werr0.40_wrp0.40,0.4,0.6,0.4,13,The algorithm maintains exponential moving averages m_t and v_t. Update includes,COMPLETED,131.48,1,True,PASS,PASS,5,1.0,0.0,0.0,1.0,0,0,0,0,0
werr0.40_wrp0.40,0.4,0.6,0.4,14,The algorithm updates parameters using only the sign of the gradient: x_{k+1} = ,COMPLETED,59.39,1,True,PASS,PASS,5,1.0,0.0,0.0,1.0,0,0,0,0,0
werr0.40_wrp0.40,0.4,0.6,0.4,15,The algorithm updates parameters using only the sign of the gradient: x_{k+1} = ,COMPLETED,255.0,2,True,FAIL,PASS,5,1.0,1.0,0.0,1.0,3,0,3,6,0
werr0.40_wrp0.40,0.4,0.6,0.4,16,The algorithm performs local SGD steps on K clients for E epochs before averagin,COMPLETED,132.39,1,True,PASS,PASS,5,1.0,0.0,0.0,1.0,0,0,0,0,0
werr0.40_wrp0.40,0.4,0.6,0.4,17,The algorithm performs local SGD steps on K clients for E epochs before averagin,COMPLETED,73.15,1,True,PASS,PASS,5,1.0,0.0,0.0,1.0,0,0,0,0,0
werr0.40_wrp0.40,0.4,0.6,0.4,18,The algorithm performs local SGD steps on K clients for E epochs. Clients minimi,COMPLETED,71.98,1,True,PASS,PASS,5,1.0,0.0,0.0,1.0,0,0,0,0,0
werr0.40_wrp0.40,0.4,0.6,0.4,19,The algorithm performs local SGD steps on K clients for E epochs. Clients minimi,COMPLETED,83.36,1,True,PASS,PASS,5,1.0,0.0,0.0,1.0,0,0,0,0,0
werr0.40_wrp0.40,0.4,0.6,0.4,20,The algorithm updates x_{k+1} = prox_{eta*g}(x_k - eta * grad(f)(x_k)). Proof mu,COMPLETED,68.9,1,True,PASS,PASS,5,1.0,0.0,0.0,1.0,0,0,0,0,0
werr0.40_wrp0.40,0.4,0.6,0.4,21,The algorithm updates x_{k+1} = prox_{eta*g}(x_k - eta * grad(f)(x_k)). Proof mu,COMPLETED,64.93,1,True,PASS,PASS,5,1.0,0.0,0.0,1.0,0,0,0,0,0
werr0.40_wrp0.40,0.4,0.6,0.4,22,The algorithm updates x_{k+1} = prox_{eta*g}(x_k - eta * grad(f)(x_k)). Proof mu,COMPLETED,67.13,1,True,PASS,PASS,5,1.0,0.0,0.0,1.0,0,0,0,0,0
werr0.40_wrp0.40,0.4,0.6,0.4,23,The algorithm updates x_{k+1} = prox_{eta*g}(x_k - eta * grad(f)(x_k)). Proof mu,COMPLETED,91.13,1,True,PASS,PASS,5,1.0,0.0,0.0,1.0,0,0,0,0,0
werr0.40_wrp0.40,0.4,0.6,0.4,24,The algorithm updates x_{k+1} = prox_{eta*g}(x_k - eta * grad(f)(x_k)). Uses mom,COMPLETED,74.55,1,True,PASS,PASS,5,1.0,0.0,0.0,1.0,0,0,0,0,0
werr0.40_wrp0.40,0.4,0.6,0.4,25,The algorithm updates x_{k+1} = prox_{eta*g}(x_k - eta * grad(f)(x_k)). Uses mom,COMPLETED,70.41,1,True,PASS_MINOR,PASS_MINOR,4,0.8,0.0,0.0,1.0,0,0,0,0,0
werr0.40_wrp0.40,0.4,0.6,0.4,26,The algorithm selects coordinate i_k with probability p_i. Update only affects c,COMPLETED,61.97,1,True,PASS,PASS,5,1.0,0.0,0.0,1.0,0,0,0,0,0
werr0.40_wrp0.40,0.4,0.6,0.4,27,The algorithm selects coordinate i_k with probability p_i. Update only affects c,COMPLETED,71.04,1,True,PASS_MINOR,PASS_MINOR,4,0.92,0.0,0.0,1.0,0,0,0,0,0
werr0.40_wrp0.40,0.4,0.6,0.4,28,The algorithm selects coordinate i_k with probability p_i. Update only affects c,COMPLETED,66.18,1,True,PASS,PASS,5,1.0,0.0,0.0,1.0,0,0,0,0,0
werr0.40_wrp0.40,0.4,0.6,0.4,29,The algorithm updates x_{k+1} = x_k + beta(x_k - x_{k-1}) - alpha * grad(f)(x_k),COMPLETED,77.99,1,True,PASS,PASS,5,1.0,0.0,0.0,1.0,0,0,0,0,0
werr0.40_wrp0.40,0.4,0.6,0.4,30,The algorithm updates x_{k+1} = x_k + beta(x_k - x_{k-1}) - alpha * grad(f)(x_k),COMPLETED,68.02,1,True,PASS,PASS,5,1.0,0.0,0.0,1.0,0,0,0,0,0
werr0.40_wrp0.40,0.4,0.6,0.4,31,The algorithm solves linear minimization oracle s_k = argmin_{s in C} <grad(f)(x,COMPLETED,74.59,1,True,PASS,PASS,5,1.0,0.0,0.0,1.0,0,0,0,0,0
werr0.40_wrp0.40,0.4,0.6,0.4,32,The algorithm solves linear minimization oracle s_k = argmin_{s in C} <grad(f)(x,COMPLETED,67.32,1,True,PASS,PASS,5,1.0,0.0,0.0,1.0,0,0,0,0,0
werr0.40_wrp0.40,0.4,0.6,0.4,33,The algorithm solves linear minimization oracle s_k = argmin_{s in C} <grad(f)(x,COMPLETED,67.32,1,True,PASS,PASS,5,1.0,0.0,0.0,1.0,0,0,0,0,0
werr0.40_wrp0.40,0.4,0.6,0.4,34,"The algorithm clips gradients: g_t = grad(f)(x_t) / max(1, ||grad(f)(x_t)||/C). ",COMPLETED,73.47,1,True,PASS,PASS,5,1.0,0.0,0.0,1.0,0,0,0,0,0
werr0.40_wrp0.40,0.4,0.6,0.4,35,"The algorithm clips gradients: g_t = grad(f)(x_t) / max(1, ||grad(f)(x_t)||/C). ",COMPLETED,76.61,1,True,PASS,PASS,5,1.0,0.0,0.0,1.0,0,0,0,0,0
werr0.40_wrp0.40,0.4,0.6,0.4,36,The algorithm uses stochastic Hessian estimates H_t. Update: x_{k+1} = x_t - alp,COMPLETED,65.3,1,True,PASS_MINOR,PASS_MINOR,4,1.0,0.0,0.0,1.0,0,0,0,0,0
werr0.40_wrp0.40,0.4,0.6,0.4,37,The algorithm uses stochastic Hessian estimates H_t. Update: x_{k+1} = x_t - alp,COMPLETED,192.26,2,True,FAIL,PASS,5,1.0,1.0,0.0,1.0,0,0,0,0,0
werr0.40_wrp0.40,0.4,0.6,0.4,38,The algorithm maintains dual variables y_k and primal x_k. Updates involve gradi,COMPLETED,68.4,1,True,PASS,PASS,5,1.0,0.0,0.0,1.0,0,0,0,0,0
werr0.40_wrp0.40,0.4,0.6,0.4,39,The algorithm maintains dual variables y_k and primal x_k. Updates involve gradi,COMPLETED,67.89,1,True,PASS,PASS,5,1.0,0.0,0.0,1.0,0,0,0,0,0
werr0.40_wrp0.40,0.4,0.6,0.4,40,"The algorithm minimizes max_x min_y L(x,y). Updates x via gradient ascent and y ",COMPLETED,71.24,1,True,PASS,PASS,5,1.0,0.0,0.0,1.0,0,0,0,0,0
werr0.40_wrp0.40,0.4,0.6,0.4,41,"The algorithm minimizes max_x min_y L(x,y). Updates x via gradient ascent and y ",COMPLETED,70.05,1,True,PASS,PASS,5,1.0,0.0,0.0,1.0,0,0,0,0,0
werr0.40_wrp0.40,0.4,0.6,0.4,42,"The algorithm minimizes max_x min_y L(x,y). Uses extra gradient step: x_{k+1/2} ",COMPLETED,94.14,1,True,PASS,PASS,5,1.0,0.0,0.0,1.0,0,0,0,0,0
werr0.40_wrp0.40,0.4,0.6,0.4,43,"The algorithm minimizes max_x min_y L(x,y). Uses optimistic update: uses gradien",COMPLETED,136.83,1,True,PASS,PASS,5,1.0,0.0,0.0,1.0,0,0,0,0,0
werr0.40_wrp0.40,0.4,0.6,0.4,44,The algorithm adds Gaussian noise to gradients at each step: g_t = grad(f)(x_t) ,COMPLETED,64.74,1,True,PASS,PASS,5,1.0,0.0,0.0,1.0,0,0,0,0,0
werr0.40_wrp0.40,0.4,0.6,0.4,45,The algorithm adds Gaussian noise to gradients at each step: g_t = grad(f)(x_t) ,COMPLETED,76.85,1,True,PASS,PASS,5,1.0,0.0,0.0,1.0,0,0,0,0,0
werr0.40_wrp0.40,0.4,0.6,0.4,46,The algorithm maintains a running average of gradients A_k = sum_{i=1}^k g_i. St,COMPLETED,445.59,2,False,CONDITIONAL,CONDITIONAL,3,1.0,1.0,0.0,1.0,1,0,1,1,0
werr0.40_wrp0.40,0.4,0.6,0.4,47,The algorithm maintains a running average of gradients A_k = sum_{i=1}^k g_i. St,COMPLETED,222.73,2,False,FAIL,FAIL,2,1.0,1.0,0.0,1.0,0,0,0,0,0
werr0.40_wrp0.40,0.4,0.6,0.4,48,The algorithm maintains a running average of squared gradients v_t = beta * v_{t,COMPLETED,169.2,1,True,PASS,PASS,5,1.0,0.0,0.0,1.0,0,0,0,0,0
werr0.40_wrp0.40,0.4,0.6,0.4,49,The algorithm uses a trust region constraint ||x - x_k|| <= Delta. Solves subpro,COMPLETED,68.77,1,True,PASS_MINOR,PASS_MINOR,4,0.88,0.0,0.0,1.0,0,0,0,0,0
werr0.40_wrp0.40,0.4,0.6,0.4,50,The algorithm uses a trust region constraint ||x - x_k|| <= Delta. Solves subpro,COMPLETED,120.05,1,False,CONDITIONAL,CONDITIONAL,3,0.6,0.0,0.0,1.0,0,0,0,0,0
werr0.40_wrp0.40,0.4,0.6,0.4,51,The algorithm updates x_{k+1} = x_k - alpha * grad(f)(x_k) + noise_k. Noise vari,COMPLETED,74.44,1,True,PASS,PASS,5,1.0,0.0,0.0,1.0,0,0,0,0,0
werr0.40_wrp0.40,0.4,0.6,0.4,52,The algorithm updates x_{k+1} = x_k - alpha * grad(f)(x_k) + noise_k. Noise vari,COMPLETED,68.6,1,True,PASS,PASS,5,1.0,0.0,0.0,1.0,0,0,0,0,0
werr0.40_wrp0.40,0.4,0.6,0.4,53,The algorithm maintains a snapshot of weights every k steps. Uses interpolation ,COMPLETED,78.03,1,True,PASS,PASS,5,1.0,0.0,0.0,1.0,0,0,0,0,0
werr0.40_wrp0.40,0.4,0.6,0.4,54,The algorithm uses a cyclic learning rate schedule. Step size varies between eta,COMPLETED,74.72,1,True,PASS,PASS,5,1.0,0.0,0.0,1.0,0,0,0,0,0
werr0.40_wrp0.40,0.4,0.6,0.4,55,The algorithm uses a warm restart schedule. Step size resets to eta_max every M ,COMPLETED,69.45,1,True,PASS,PASS,5,1.0,0.0,0.0,1.0,0,0,0,0,0
werr0.40_wrp0.40,0.4,0.6,0.4,56,The algorithm selects a random subset of coordinates at each step (block coordin,COMPLETED,156.08,1,True,PASS_MINOR,PASS_MINOR,4,0.88,0.0,0.0,1.0,0,0,0,0,0
werr0.40_wrp0.40,0.4,0.6,0.4,57,The algorithm selects a random subset of coordinates at each step (block coordin,COMPLETED,57.21,1,True,PASS,PASS,5,1.0,0.0,0.0,1.0,0,0,0,0,0
werr0.40_wrp0.40,0.4,0.6,0.4,58,The algorithm uses a quantized gradient operator Q(g) such that E[Q(g)] = g. Com,COMPLETED,74.66,1,True,PASS,PASS,5,1.0,0.0,0.0,1.0,0,0,0,0,0
werr0.40_wrp0.40,0.4,0.6,0.4,59,The algorithm uses a quantized gradient operator Q(g) such that E[Q(g)] = g. Com,COMPLETED,56.98,1,True,PASS,PASS,5,1.0,0.0,0.0,1.0,0,0,0,0,0
werr0.40_wrp0.40,0.4,0.6,0.4,60,The algorithm uses error feedback: stores quantization error e_k and adds it to ,COMPLETED,74.32,1,True,PASS,PASS,5,1.0,0.0,0.0,1.0,0,0,0,0,0
werr0.40_wrp0.40,0.4,0.6,0.4,61,The algorithm uses a sparse gradient operator: only top-K largest magnitude grad,COMPLETED,57.99,1,True,PASS,PASS,5,1.0,0.0,0.0,1.0,0,0,0,0,0
werr0.40_wrp0.40,0.4,0.6,0.4,62,The algorithm uses a sparse gradient operator: only top-K largest magnitude grad,COMPLETED,69.02,1,True,PASS,PASS,5,1.0,0.0,0.0,1.0,0,0,0,0,0
werr0.40_wrp0.60,0.4,0.6,0.6,0,The algorithm maintains two sequences x_k and y_k. Update: y_k = x_k + beta_k(x_,COMPLETED,264.58,2,True,FAIL,PASS,5,1.0,1.0,0.0,1.0,1,0,1,1,0
werr0.40_wrp0.60,0.4,0.6,0.6,1,The algorithm maintains two sequences x_k and y_k. Update: y_k = x_k + beta_k(x_,COMPLETED,68.97,1,True,PASS,PASS,5,1.0,0.0,0.0,1.0,0,0,0,0,0
werr0.40_wrp0.60,0.4,0.6,0.6,2,The algorithm maintains two sequences x_k and y_k. Update: y_k = x_k + beta_k(x_,COMPLETED,90.52,1,True,PASS,PASS,5,1.0,0.0,0.0,1.0,0,0,0,0,0
werr0.40_wrp0.60,0.4,0.6,0.6,3,"The algorithm updates parameters via x_{k+1} = argmin_x { <grad(f)(x_k), x> + (1",COMPLETED,79.22,1,True,PASS,PASS,5,1.0,0.0,0.0,1.0,0,0,0,0,0
werr0.40_wrp0.60,0.4,0.6,0.6,4,"The algorithm updates parameters via x_{k+1} = argmin_x { <grad(f)(x_k), x> + (1",COMPLETED,276.01,2,True,FAIL,PASS,5,1.0,1.0,0.0,1.0,0,0,0,0,0
werr0.40_wrp0.60,0.4,0.6,0.6,5,The algorithm uses a double-loop structure. Outer loop updates full gradient. In,COMPLETED,143.65,1,True,PASS,PASS,5,1.0,0.0,0.0,1.0,0,0,0,0,0
werr0.40_wrp0.60,0.4,0.6,0.6,6,The algorithm uses a double-loop structure. Outer loop updates full gradient. In,COMPLETED,105.04,1,True,PASS,PASS,5,1.0,0.0,0.0,1.0,0,0,0,0,0
werr0.40_wrp0.60,0.4,0.6,0.6,7,The algorithm uses a double-loop structure. Outer loop updates full gradient. In,COMPLETED,75.51,1,True,PASS_MINOR,PASS_MINOR,4,0.88,0.0,0.0,1.0,0,0,0,0,0
werr0.40_wrp0.60,0.4,0.6,0.6,8,The algorithm maintains a table of past gradients phi_i. Update: x_{k+1} = x_k -,COMPLETED,62.46,1,True,PASS,PASS,5,1.0,0.0,0.0,1.0,0,0,0,0,0
werr0.40_wrp0.60,0.4,0.6,0.6,9,The algorithm maintains a table of past gradients phi_i. Update: x_{k+1} = x_k -,COMPLETED,74.18,1,True,PASS,PASS,5,1.0,0.0,0.0,1.0,0,0,0,0,0
werr0.40_wrp0.60,0.4,0.6,0.6,10,The algorithm maintains a recursive variance estimator v_t = (1-alpha)v_{t-1} + ,COMPLETED,60.79,1,True,PASS,PASS,5,1.0,0.0,0.0,1.0,0,0,0,0,0
werr0.40_wrp0.60,0.4,0.6,0.6,11,The algorithm maintains a recursive variance estimator v_t = (1-alpha)v_{t-1} + ,COMPLETED,83.93,1,True,PASS_MINOR,PASS_MINOR,4,1.0,0.0,0.0,1.0,0,0,0,0,0
werr0.40_wrp0.60,0.4,0.6,0.6,12,The algorithm maintains exponential moving averages m_t and v_t. Update includes,COMPLETED,133.43,1,True,PASS_MINOR,PASS_MINOR,4,1.0,0.0,0.0,1.0,0,0,0,0,0
werr0.40_wrp0.60,0.4,0.6,0.6,13,The algorithm maintains exponential moving averages m_t and v_t. Update includes,COMPLETED,71.69,1,True,PASS_MINOR,PASS_MINOR,4,0.88,0.0,0.0,1.0,0,0,0,0,0
werr0.40_wrp0.60,0.4,0.6,0.6,14,The algorithm updates parameters using only the sign of the gradient: x_{k+1} = ,COMPLETED,107.12,1,True,PASS_MINOR,PASS_MINOR,4,0.8,0.0,0.0,1.0,0,0,0,0,0
werr0.40_wrp0.60,0.4,0.6,0.6,15,The algorithm updates parameters using only the sign of the gradient: x_{k+1} = ,COMPLETED,64.01,1,True,PASS,PASS,5,1.0,0.0,0.0,1.0,0,0,0,0,0
werr0.40_wrp0.60,0.4,0.6,0.6,16,The algorithm performs local SGD steps on K clients for E epochs before averagin,COMPLETED,69.47,1,True,PASS,PASS,5,1.0,0.0,0.0,1.0,0,0,0,0,0
werr0.40_wrp0.60,0.4,0.6,0.6,17,The algorithm performs local SGD steps on K clients for E epochs before averagin,COMPLETED,82.9,1,True,PASS,PASS,5,1.0,0.0,0.0,1.0,0,0,0,0,0
werr0.40_wrp0.60,0.4,0.6,0.6,18,The algorithm performs local SGD steps on K clients for E epochs. Clients minimi,COMPLETED,69.95,1,True,PASS,PASS,5,1.0,0.0,0.0,1.0,0,0,0,0,0
werr0.40_wrp0.60,0.4,0.6,0.6,19,The algorithm performs local SGD steps on K clients for E epochs. Clients minimi,COMPLETED,70.69,1,True,PASS,PASS,5,1.0,0.0,0.0,1.0,0,0,0,0,0
werr0.40_wrp0.60,0.4,0.6,0.6,20,The algorithm updates x_{k+1} = prox_{eta*g}(x_k - eta * grad(f)(x_k)). Proof mu,COMPLETED,73.91,1,True,PASS,PASS,5,1.0,0.0,0.0,1.0,0,0,0,0,0
werr0.40_wrp0.60,0.4,0.6,0.6,21,The algorithm updates x_{k+1} = prox_{eta*g}(x_k - eta * grad(f)(x_k)). Proof mu,COMPLETED,66.21,1,True,PASS_MINOR,PASS_MINOR,4,1.0,0.0,0.0,1.0,0,0,0,0,0
werr0.40_wrp0.60,0.4,0.6,0.6,22,The algorithm updates x_{k+1} = prox_{eta*g}(x_k - eta * grad(f)(x_k)). Proof mu,COMPLETED,76.76,1,True,PASS_MINOR,PASS_MINOR,4,1.0,0.0,0.0,1.0,0,0,0,0,0
werr0.40_wrp0.60,0.4,0.6,0.6,23,The algorithm updates x_{k+1} = prox_{eta*g}(x_k - eta * grad(f)(x_k)). Proof mu,COMPLETED,54.29,1,True,PASS,PASS,5,1.0,0.0,0.0,1.0,0,0,0,0,0
werr0.40_wrp0.60,0.4,0.6,0.6,24,The algorithm updates x_{k+1} = prox_{eta*g}(x_k - eta * grad(f)(x_k)). Uses mom,COMPLETED,68.53,1,True,PASS,PASS,5,1.0,0.0,0.0,1.0,0,0,0,0,0
werr0.40_wrp0.60,0.4,0.6,0.6,25,The algorithm updates x_{k+1} = prox_{eta*g}(x_k - eta * grad(f)(x_k)). Uses mom,COMPLETED,60.27,1,True,PASS,PASS,5,1.0,0.0,0.0,1.0,0,0,0,0,0
werr0.40_wrp0.60,0.4,0.6,0.6,26,The algorithm selects coordinate i_k with probability p_i. Update only affects c,COMPLETED,63.3,1,True,PASS,PASS,5,1.0,0.0,0.0,1.0,0,0,0,0,0
werr0.40_wrp0.60,0.4,0.6,0.6,27,The algorithm selects coordinate i_k with probability p_i. Update only affects c,COMPLETED,54.17,1,True,PASS,PASS,5,1.0,0.0,0.0,1.0,0,0,0,0,0
werr0.40_wrp0.60,0.4,0.6,0.6,28,The algorithm selects coordinate i_k with probability p_i. Update only affects c,COMPLETED,64.74,1,True,PASS,PASS,5,1.0,0.0,0.0,1.0,0,0,0,0,0
werr0.40_wrp0.60,0.4,0.6,0.6,29,The algorithm updates x_{k+1} = x_k + beta(x_k - x_{k-1}) - alpha * grad(f)(x_k),COMPLETED,100.05,1,True,PASS,PASS,5,1.0,0.0,0.0,1.0,0,0,0,0,0
werr0.40_wrp0.60,0.4,0.6,0.6,30,The algorithm updates x_{k+1} = x_k + beta(x_k - x_{k-1}) - alpha * grad(f)(x_k),COMPLETED,46.87,1,True,PASS,PASS,5,1.0,0.0,0.0,1.0,0,0,0,0,0
werr0.40_wrp0.60,0.4,0.6,0.6,31,The algorithm solves linear minimization oracle s_k = argmin_{s in C} <grad(f)(x,COMPLETED,52.13,1,True,PASS,PASS,5,1.0,0.0,0.0,1.0,0,0,0,0,0
werr0.40_wrp0.60,0.4,0.6,0.6,32,The algorithm solves linear minimization oracle s_k = argmin_{s in C} <grad(f)(x,COMPLETED,66.81,1,True,PASS,PASS,5,1.0,0.0,0.0,1.0,0,0,0,0,0
werr0.40_wrp0.60,0.4,0.6,0.6,33,The algorithm solves linear minimization oracle s_k = argmin_{s in C} <grad(f)(x,COMPLETED,68.66,1,True,PASS,PASS,5,1.0,0.0,0.0,1.0,0,0,0,0,0
werr0.40_wrp0.60,0.4,0.6,0.6,34,"The algorithm clips gradients: g_t = grad(f)(x_t) / max(1, ||grad(f)(x_t)||/C). ",COMPLETED,75.06,1,True,PASS,PASS,5,1.0,0.0,0.0,1.0,0,0,0,0,0
werr0.40_wrp0.60,0.4,0.6,0.6,35,"The algorithm clips gradients: g_t = grad(f)(x_t) / max(1, ||grad(f)(x_t)||/C). ",COMPLETED,259.17,2,False,FAIL,FAIL,2,1.0,1.0,0.0,1.0,1,0,1,2,0
werr0.40_wrp0.60,0.4,0.6,0.6,36,The algorithm uses stochastic Hessian estimates H_t. Update: x_{k+1} = x_t - alp,COMPLETED,58.28,1,True,PASS,PASS,5,1.0,0.0,0.0,1.0,0,0,0,0,0
werr0.40_wrp0.60,0.4,0.6,0.6,37,The algorithm uses stochastic Hessian estimates H_t. Update: x_{k+1} = x_t - alp,COMPLETED,64.09,1,True,PASS,PASS,5,1.0,0.0,0.0,1.0,0,0,0,0,0
werr0.40_wrp0.60,0.4,0.6,0.6,38,The algorithm maintains dual variables y_k and primal x_k. Updates involve gradi,COMPLETED,85.7,1,True,PASS_MINOR,PASS_MINOR,4,0.8,0.0,0.0,1.0,0,0,0,0,0
werr0.40_wrp0.60,0.4,0.6,0.6,39,The algorithm maintains dual variables y_k and primal x_k. Updates involve gradi,COMPLETED,60.94,1,True,PASS,PASS,5,1.0,0.0,0.0,1.0,0,0,0,0,0
werr0.40_wrp0.60,0.4,0.6,0.6,40,"The algorithm minimizes max_x min_y L(x,y). Updates x via gradient ascent and y ",COMPLETED,81.53,1,True,PASS,PASS,5,1.0,0.0,0.0,1.0,0,0,0,0,0
werr0.40_wrp0.60,0.4,0.6,0.6,41,"The algorithm minimizes max_x min_y L(x,y). Updates x via gradient ascent and y ",COMPLETED,87.72,1,True,PASS_MINOR,PASS_MINOR,4,0.5333,0.0,0.0,1.0,0,2,-2,2,2
werr0.40_wrp0.60,0.4,0.6,0.6,42,"The algorithm minimizes max_x min_y L(x,y). Uses extra gradient step: x_{k+1/2} ",COMPLETED,100.97,1,False,FAIL,FAIL,2,0.48,0.0,0.0,1.0,0,0,0,0,0
werr0.40_wrp0.60,0.4,0.6,0.6,43,"The algorithm minimizes max_x min_y L(x,y). Uses optimistic update: uses gradien",COMPLETED,58.82,1,True,PASS,PASS,5,1.0,0.0,0.0,1.0,0,0,0,0,0
werr0.40_wrp0.60,0.4,0.6,0.6,44,The algorithm adds Gaussian noise to gradients at each step: g_t = grad(f)(x_t) ,COMPLETED,91.42,1,True,PASS_MINOR,PASS_MINOR,4,1.0,0.0,0.0,1.0,0,0,0,0,0
werr0.40_wrp0.60,0.4,0.6,0.6,45,The algorithm adds Gaussian noise to gradients at each step: g_t = grad(f)(x_t) ,COMPLETED,67.97,1,True,PASS_MINOR,PASS_MINOR,4,1.0,0.0,0.0,1.0,0,0,0,0,0
werr0.40_wrp0.60,0.4,0.6,0.6,46,The algorithm maintains a running average of gradients A_k = sum_{i=1}^k g_i. St,COMPLETED,76.75,1,True,PASS,PASS,5,1.0,0.0,0.0,1.0,0,0,0,0,0
werr0.40_wrp0.60,0.4,0.6,0.6,47,The algorithm maintains a running average of gradients A_k = sum_{i=1}^k g_i. St,COMPLETED,75.62,1,True,PASS,PASS,5,1.0,0.0,0.0,1.0,0,0,0,0,0
werr0.40_wrp0.60,0.4,0.6,0.6,48,The algorithm maintains a running average of squared gradients v_t = beta * v_{t,COMPLETED,159.21,1,True,PASS,PASS,5,1.0,0.0,0.0,1.0,0,0,0,0,0
werr0.40_wrp0.60,0.4,0.6,0.6,49,The algorithm uses a trust region constraint ||x - x_k|| <= Delta. Solves subpro,COMPLETED,106.99,1,False,FAIL,FAIL,2,0.48,0.0,0.0,1.0,0,0,0,0,0
werr0.40_wrp0.60,0.4,0.6,0.6,50,The algorithm uses a trust region constraint ||x - x_k|| <= Delta. Solves subpro,COMPLETED,57.7,1,True,PASS,PASS,5,1.0,0.0,0.0,1.0,0,0,0,0,0
werr0.40_wrp0.60,0.4,0.6,0.6,51,The algorithm updates x_{k+1} = x_k - alpha * grad(f)(x_k) + noise_k. Noise vari,COMPLETED,70.83,1,True,PASS,PASS,5,1.0,0.0,0.0,1.0,0,0,0,0,0
werr0.40_wrp0.60,0.4,0.6,0.6,52,The algorithm updates x_{k+1} = x_k - alpha * grad(f)(x_k) + noise_k. Noise vari,COMPLETED,54.8,1,True,PASS,PASS,5,1.0,0.0,0.0,1.0,0,0,0,0,0
werr0.40_wrp0.60,0.4,0.6,0.6,53,The algorithm maintains a snapshot of weights every k steps. Uses interpolation ,COMPLETED,59.94,1,True,PASS,PASS,5,1.0,0.0,0.0,1.0,0,0,0,0,0
werr0.40_wrp0.60,0.4,0.6,0.6,54,The algorithm uses a cyclic learning rate schedule. Step size varies between eta,COMPLETED,61.63,1,True,PASS_MINOR,PASS_MINOR,4,1.0,0.0,0.0,1.0,0,0,0,0,0
werr0.40_wrp0.60,0.4,0.6,0.6,55,The algorithm uses a warm restart schedule. Step size resets to eta_max every M ,COMPLETED,64.3,1,True,PASS,PASS,5,1.0,0.0,0.0,1.0,0,0,0,0,0
werr0.40_wrp0.60,0.4,0.6,0.6,56,The algorithm selects a random subset of coordinates at each step (block coordin,COMPLETED,62.71,1,True,PASS,PASS,5,1.0,0.0,0.0,1.0,0,0,0,0,0
werr0.40_wrp0.60,0.4,0.6,0.6,57,The algorithm selects a random subset of coordinates at each step (block coordin,COMPLETED,89.12,1,True,PASS,PASS,5,1.0,0.0,0.0,1.0,0,0,0,0,0
werr0.40_wrp0.60,0.4,0.6,0.6,58,The algorithm uses a quantized gradient operator Q(g) such that E[Q(g)] = g. Com,COMPLETED,59.77,1,True,PASS,PASS,5,1.0,0.0,0.0,1.0,0,0,0,0,0
werr0.40_wrp0.60,0.4,0.6,0.6,59,The algorithm uses a quantized gradient operator Q(g) such that E[Q(g)] = g. Com,COMPLETED,70.48,1,True,PASS,PASS,5,1.0,0.0,0.0,1.0,0,0,0,0,0
werr0.40_wrp0.60,0.4,0.6,0.6,60,The algorithm uses error feedback: stores quantization error e_k and adds it to ,COMPLETED,89.19,1,True,PASS_MINOR,PASS_MINOR,4,1.0,0.0,0.0,1.0,0,0,0,0,0
werr0.40_wrp0.60,0.4,0.6,0.6,61,The algorithm uses a sparse gradient operator: only top-K largest magnitude grad,COMPLETED,56.87,1,True,PASS,PASS,5,1.0,0.0,0.0,1.0,0,0,0,0,0
werr0.40_wrp0.60,0.4,0.6,0.6,62,The algorithm uses a sparse gradient operator: only top-K largest magnitude grad,COMPLETED,76.14,1,True,PASS,PASS,5,1.0,0.0,0.0,1.0,0,0,0,0,0
werr0.40_wrp0.80,0.4,0.6,0.8,0,The algorithm maintains two sequences x_k and y_k. Update: y_k = x_k + beta_k(x_,COMPLETED,59.91,1,True,PASS,PASS,5,1.0,0.0,0.0,1.0,0,0,0,0,0
werr0.40_wrp0.80,0.4,0.6,0.8,1,The algorithm maintains two sequences x_k and y_k. Update: y_k = x_k + beta_k(x_,COMPLETED,69.32,1,True,PASS_MINOR,PASS_MINOR,4,0.88,0.0,0.0,1.0,0,0,0,0,0
werr0.40_wrp0.80,0.4,0.6,0.8,2,The algorithm maintains two sequences x_k and y_k. Update: y_k = x_k + beta_k(x_,COMPLETED,146.42,1,True,PASS_MINOR,PASS_MINOR,4,0.88,0.0,0.0,1.0,0,0,0,0,0
werr0.40_wrp0.80,0.4,0.6,0.8,3,"The algorithm updates parameters via x_{k+1} = argmin_x { <grad(f)(x_k), x> + (1",COMPLETED,57.46,1,True,PASS,PASS,5,1.0,0.0,0.0,1.0,0,0,0,0,0
werr0.40_wrp0.80,0.4,0.6,0.8,4,"The algorithm updates parameters via x_{k+1} = argmin_x { <grad(f)(x_k), x> + (1",COMPLETED,107.41,1,True,PASS,PASS,5,1.0,0.0,0.0,1.0,0,0,0,0,0
werr0.40_wrp0.80,0.4,0.6,0.8,5,The algorithm uses a double-loop structure. Outer loop updates full gradient. In,COMPLETED,110.14,1,True,PASS_MINOR,PASS_MINOR,4,1.0,0.0,0.0,1.0,0,0,0,0,0
werr0.40_wrp0.80,0.4,0.6,0.8,6,The algorithm uses a double-loop structure. Outer loop updates full gradient. In,COMPLETED,67.91,1,True,PASS,PASS,5,1.0,0.0,0.0,1.0,0,0,0,0,0
werr0.40_wrp0.80,0.4,0.6,0.8,7,The algorithm uses a double-loop structure. Outer loop updates full gradient. In,COMPLETED,71.94,1,True,PASS,PASS,5,1.0,0.0,0.0,1.0,0,0,0,0,0
werr0.40_wrp0.80,0.4,0.6,0.8,8,The algorithm maintains a table of past gradients phi_i. Update: x_{k+1} = x_k -,COMPLETED,60.91,1,False,CONDITIONAL,CONDITIONAL,3,0.48,0.0,0.0,1.0,0,0,0,0,0
werr0.40_wrp0.80,0.4,0.6,0.8,9,The algorithm maintains a table of past gradients phi_i. Update: x_{k+1} = x_k -,COMPLETED,70.43,1,True,PASS,PASS,5,1.0,0.0,0.0,1.0,0,0,0,0,0
werr0.40_wrp0.80,0.4,0.6,0.8,10,The algorithm maintains a recursive variance estimator v_t = (1-alpha)v_{t-1} + ,COMPLETED,79.77,1,True,PASS_MINOR,PASS_MINOR,4,0.8,0.0,0.0,1.0,0,0,0,0,0
werr0.40_wrp0.80,0.4,0.6,0.8,11,The algorithm maintains a recursive variance estimator v_t = (1-alpha)v_{t-1} + ,COMPLETED,101.7,1,True,PASS,PASS,5,1.0,0.0,0.0,1.0,0,0,0,0,0
werr0.40_wrp0.80,0.4,0.6,0.8,12,The algorithm maintains exponential moving averages m_t and v_t. Update includes,COMPLETED,93.8,1,True,PASS_MINOR,PASS_MINOR,4,1.0,0.0,0.0,1.0,0,0,0,0,0
werr0.40_wrp0.80,0.4,0.6,0.8,13,The algorithm maintains exponential moving averages m_t and v_t. Update includes,COMPLETED,88.99,1,True,PASS,PASS,5,1.0,0.0,0.0,1.0,0,0,0,0,0
werr0.40_wrp0.80,0.4,0.6,0.8,14,The algorithm updates parameters using only the sign of the gradient: x_{k+1} = ,COMPLETED,69.3,1,True,PASS,PASS,5,1.0,0.0,0.0,1.0,0,0,0,0,0
werr0.40_wrp0.80,0.4,0.6,0.8,15,The algorithm updates parameters using only the sign of the gradient: x_{k+1} = ,COMPLETED,181.44,2,True,FAIL,PASS,5,1.0,1.0,0.0,1.0,2,0,2,2,0
werr0.40_wrp0.80,0.4,0.6,0.8,16,The algorithm performs local SGD steps on K clients for E epochs before averagin,COMPLETED,117.55,1,False,CONDITIONAL,CONDITIONAL,3,0.6,0.0,0.0,1.0,0,0,0,0,0
werr0.40_wrp0.80,0.4,0.6,0.8,17,The algorithm performs local SGD steps on K clients for E epochs before averagin,COMPLETED,56.19,1,True,PASS,PASS,5,1.0,0.0,0.0,1.0,0,0,0,0,0
werr0.40_wrp0.80,0.4,0.6,0.8,18,The algorithm performs local SGD steps on K clients for E epochs. Clients minimi,COMPLETED,68.68,1,True,PASS,PASS,5,1.0,0.0,0.0,1.0,0,0,0,0,0
werr0.40_wrp0.80,0.4,0.6,0.8,19,The algorithm performs local SGD steps on K clients for E epochs. Clients minimi,COMPLETED,60.07,1,True,PASS,PASS,5,1.0,0.0,0.0,1.0,0,0,0,0,0
werr0.40_wrp0.80,0.4,0.6,0.8,20,The algorithm updates x_{k+1} = prox_{eta*g}(x_k - eta * grad(f)(x_k)). Proof mu,COMPLETED,50.73,1,True,PASS,PASS,5,1.0,0.0,0.0,1.0,0,0,0,0,0
werr0.40_wrp0.80,0.4,0.6,0.8,21,The algorithm updates x_{k+1} = prox_{eta*g}(x_k - eta * grad(f)(x_k)). Proof mu,COMPLETED,172.9,1,True,PASS,PASS,5,1.0,0.0,0.0,1.0,0,0,0,0,0
werr0.40_wrp0.80,0.4,0.6,0.8,22,The algorithm updates x_{k+1} = prox_{eta*g}(x_k - eta * grad(f)(x_k)). Proof mu,COMPLETED,63.19,1,True,PASS,PASS,5,1.0,0.0,0.0,1.0,0,0,0,0,0
werr0.40_wrp0.80,0.4,0.6,0.8,23,The algorithm updates x_{k+1} = prox_{eta*g}(x_k - eta * grad(f)(x_k)). Proof mu,COMPLETED,55.56,1,True,PASS,PASS,5,1.0,0.0,0.0,1.0,0,0,0,0,0
werr0.40_wrp0.80,0.4,0.6,0.8,24,The algorithm updates x_{k+1} = prox_{eta*g}(x_k - eta * grad(f)(x_k)). Uses mom,COMPLETED,57.46,1,True,PASS,PASS,5,1.0,0.0,0.0,1.0,0,0,0,0,0
werr0.40_wrp0.80,0.4,0.6,0.8,25,The algorithm updates x_{k+1} = prox_{eta*g}(x_k - eta * grad(f)(x_k)). Uses mom,COMPLETED,65.31,1,True,PASS,PASS,5,1.0,0.0,0.0,1.0,0,0,0,0,0
werr0.40_wrp0.80,0.4,0.6,0.8,26,The algorithm selects coordinate i_k with probability p_i. Update only affects c,COMPLETED,66.95,1,True,PASS,PASS,5,1.0,0.0,0.0,1.0,0,0,0,0,0
werr0.40_wrp0.80,0.4,0.6,0.8,27,The algorithm selects coordinate i_k with probability p_i. Update only affects c,COMPLETED,184.99,2,True,FAIL,PASS,5,1.0,1.0,0.0,1.0,1,0,1,1,0
werr0.40_wrp0.80,0.4,0.6,0.8,28,The algorithm selects coordinate i_k with probability p_i. Update only affects c,COMPLETED,234.92,2,True,FAIL,PASS,5,1.0,1.0,0.0,1.0,1,0,1,1,0
werr0.40_wrp0.80,0.4,0.6,0.8,29,The algorithm updates x_{k+1} = x_k + beta(x_k - x_{k-1}) - alpha * grad(f)(x_k),COMPLETED,76.36,1,True,PASS_MINOR,PASS_MINOR,4,0.8,0.0,0.0,1.0,0,0,0,0,0
werr0.40_wrp0.80,0.4,0.6,0.8,30,The algorithm updates x_{k+1} = x_k + beta(x_k - x_{k-1}) - alpha * grad(f)(x_k),COMPLETED,61.83,1,True,PASS,PASS,5,1.0,0.0,0.0,1.0,0,0,0,0,0
werr0.40_wrp0.80,0.4,0.6,0.8,31,The algorithm solves linear minimization oracle s_k = argmin_{s in C} <grad(f)(x,COMPLETED,57.94,1,True,PASS,PASS,5,1.0,0.0,0.0,1.0,0,0,0,0,0
werr0.40_wrp0.80,0.4,0.6,0.8,32,The algorithm solves linear minimization oracle s_k = argmin_{s in C} <grad(f)(x,COMPLETED,69.84,1,True,PASS_MINOR,PASS_MINOR,4,0.8,0.0,0.0,1.0,0,0,0,0,0
werr0.40_wrp0.80,0.4,0.6,0.8,33,The algorithm solves linear minimization oracle s_k = argmin_{s in C} <grad(f)(x,COMPLETED,65.05,1,True,PASS,PASS,5,1.0,0.0,0.0,1.0,0,0,0,0,0
werr0.40_wrp0.80,0.4,0.6,0.8,34,"The algorithm clips gradients: g_t = grad(f)(x_t) / max(1, ||grad(f)(x_t)||/C). ",COMPLETED,62.26,1,True,PASS_MINOR,PASS_MINOR,4,0.88,0.0,0.0,1.0,0,0,0,0,0
werr0.40_wrp0.80,0.4,0.6,0.8,35,"The algorithm clips gradients: g_t = grad(f)(x_t) / max(1, ||grad(f)(x_t)||/C). ",COMPLETED,63.23,1,True,PASS,PASS,5,1.0,0.0,0.0,1.0,0,0,0,0,0
werr0.40_wrp0.80,0.4,0.6,0.8,36,The algorithm uses stochastic Hessian estimates H_t. Update: x_{k+1} = x_t - alp,COMPLETED,62.06,1,True,PASS,PASS,5,1.0,0.0,0.0,1.0,0,0,0,0,0
werr0.40_wrp0.80,0.4,0.6,0.8,37,The algorithm uses stochastic Hessian estimates H_t. Update: x_{k+1} = x_t - alp,COMPLETED,67.85,1,True,PASS,PASS,5,1.0,0.0,0.0,1.0,0,0,0,0,0
werr0.40_wrp0.80,0.4,0.6,0.8,38,The algorithm maintains dual variables y_k and primal x_k. Updates involve gradi,COMPLETED,57.21,1,True,PASS,PASS,5,1.0,0.0,0.0,1.0,0,0,0,0,0
werr0.40_wrp0.80,0.4,0.6,0.8,39,The algorithm maintains dual variables y_k and primal x_k. Updates involve gradi,COMPLETED,68.23,1,True,PASS_MINOR,PASS_MINOR,4,0.88,0.0,0.0,1.0,0,0,0,0,0
werr0.40_wrp0.80,0.4,0.6,0.8,40,"The algorithm minimizes max_x min_y L(x,y). Updates x via gradient ascent and y ",COMPLETED,79.75,1,True,PASS,PASS,5,1.0,0.0,0.0,1.0,0,0,0,0,0
werr0.40_wrp0.80,0.4,0.6,0.8,41,"The algorithm minimizes max_x min_y L(x,y). Updates x via gradient ascent and y ",COMPLETED,78.56,1,True,PASS_MINOR,PASS_MINOR,4,0.88,0.0,0.0,1.0,0,0,0,0,0
werr0.40_wrp0.80,0.4,0.6,0.8,42,"The algorithm minimizes max_x min_y L(x,y). Uses extra gradient step: x_{k+1/2} ",COMPLETED,187.62,2,True,FAIL,PASS,5,1.0,1.0,0.0,1.0,1,0,1,1,0
werr0.40_wrp0.80,0.4,0.6,0.8,43,"The algorithm minimizes max_x min_y L(x,y). Uses optimistic update: uses gradien",COMPLETED,56.74,1,True,PASS,PASS,5,1.0,0.0,0.0,1.0,0,0,0,0,0
werr0.40_wrp0.80,0.4,0.6,0.8,44,The algorithm adds Gaussian noise to gradients at each step: g_t = grad(f)(x_t) ,COMPLETED,67.48,1,True,PASS,PASS,5,1.0,0.0,0.0,1.0,0,0,0,0,0
werr0.40_wrp0.80,0.4,0.6,0.8,45,The algorithm adds Gaussian noise to gradients at each step: g_t = grad(f)(x_t) ,COMPLETED,65.94,1,True,PASS,PASS,5,1.0,0.0,0.0,1.0,0,0,0,0,0
werr0.40_wrp0.80,0.4,0.6,0.8,46,The algorithm maintains a running average of gradients A_k = sum_{i=1}^k g_i. St,COMPLETED,68.12,1,True,PASS,PASS,5,1.0,0.0,0.0,1.0,0,0,0,0,0
werr0.40_wrp0.80,0.4,0.6,0.8,47,The algorithm maintains a running average of gradients A_k = sum_{i=1}^k g_i. St,COMPLETED,137.89,1,True,PASS,PASS,5,1.0,0.0,0.0,1.0,0,0,0,0,0
werr0.40_wrp0.80,0.4,0.6,0.8,48,The algorithm maintains a running average of squared gradients v_t = beta * v_{t,COMPLETED,69.73,1,True,PASS_MINOR,PASS_MINOR,4,1.0,0.0,0.0,1.0,0,0,0,0,0
werr0.40_wrp0.80,0.4,0.6,0.8,49,The algorithm uses a trust region constraint ||x - x_k|| <= Delta. Solves subpro,COMPLETED,58.7,1,True,PASS,PASS,5,0.88,0.0,0.0,1.0,0,0,0,0,0
werr0.40_wrp0.80,0.4,0.6,0.8,50,The algorithm uses a trust region constraint ||x - x_k|| <= Delta. Solves subpro,COMPLETED,64.91,1,True,PASS_MINOR,PASS_MINOR,4,0.88,0.0,0.0,1.0,0,0,0,0,0
werr0.40_wrp0.80,0.4,0.6,0.8,51,The algorithm updates x_{k+1} = x_k - alpha * grad(f)(x_k) + noise_k. Noise vari,COMPLETED,84.72,1,True,PASS_MINOR,PASS_MINOR,4,0.8,0.0,0.0,1.0,0,0,0,0,0
werr0.40_wrp0.80,0.4,0.6,0.8,52,The algorithm updates x_{k+1} = x_k - alpha * grad(f)(x_k) + noise_k. Noise vari,COMPLETED,73.94,1,True,PASS_MINOR,PASS_MINOR,4,0.88,0.0,0.0,1.0,0,0,0,0,0
werr0.40_wrp0.80,0.4,0.6,0.8,53,The algorithm maintains a snapshot of weights every k steps. Uses interpolation ,COMPLETED,67.93,1,True,PASS,PASS,5,1.0,0.0,0.0,1.0,0,0,0,0,0
werr0.40_wrp0.80,0.4,0.6,0.8,54,The algorithm uses a cyclic learning rate schedule. Step size varies between eta,COMPLETED,100.34,1,True,PASS_MINOR,PASS_MINOR,4,0.8,0.0,0.0,1.0,0,0,0,0,0
werr0.40_wrp0.80,0.4,0.6,0.8,55,The algorithm uses a warm restart schedule. Step size resets to eta_max every M ,COMPLETED,137.73,2,True,CONDITIONAL,PASS,5,1.0,1.0,0.0,1.0,1,0,1,1,0
werr0.40_wrp0.80,0.4,0.6,0.8,56,The algorithm selects a random subset of coordinates at each step (block coordin,COMPLETED,268.85,2,True,FAIL,PASS,5,1.0,1.0,0.0,1.0,1,0,1,1,0
werr0.40_wrp0.80,0.4,0.6,0.8,57,The algorithm selects a random subset of coordinates at each step (block coordin,COMPLETED,54.65,1,True,PASS,PASS,5,1.0,0.0,0.0,1.0,0,0,0,0,0
werr0.40_wrp0.80,0.4,0.6,0.8,58,The algorithm uses a quantized gradient operator Q(g) such that E[Q(g)] = g. Com,COMPLETED,78.03,1,True,PASS_MINOR,PASS_MINOR,4,1.0,0.0,0.0,1.0,0,0,0,0,0
werr0.40_wrp0.80,0.4,0.6,0.8,59,The algorithm uses a quantized gradient operator Q(g) such that E[Q(g)] = g. Com,COMPLETED,102.67,1,True,PASS,PASS,5,1.0,0.0,0.0,1.0,0,0,0,0,0
werr0.40_wrp0.80,0.4,0.6,0.8,60,The algorithm uses error feedback: stores quantization error e_k and adds it to ,COMPLETED,63.63,1,False,FAIL,FAIL,2,0.4,0.0,0.0,1.0,0,0,0,0,0
werr0.40_wrp0.80,0.4,0.6,0.8,61,The algorithm uses a sparse gradient operator: only top-K largest magnitude grad,COMPLETED,117.9,1,True,PASS_MINOR,PASS_MINOR,4,1.0,0.0,0.0,1.0,0,0,0,0,0
werr0.40_wrp0.80,0.4,0.6,0.8,62,The algorithm uses a sparse gradient operator: only top-K largest magnitude grad,COMPLETED,132.07,1,True,PASS,PASS,5,1.0,0.0,0.0,1.0,0,0,0,0,0
werr0.60_wrp0.00,0.6,0.4,0.0,0,The algorithm maintains two sequences x_k and y_k. Update: y_k = x_k + beta_k(x_,COMPLETED,55.61,1,True,PASS,PASS,5,1.0,0.0,0.0,1.0,0,0,0,0,0
werr0.60_wrp0.00,0.6,0.4,0.0,1,The algorithm maintains two sequences x_k and y_k. Update: y_k = x_k + beta_k(x_,COMPLETED,48.16,1,True,PASS,PASS,5,1.0,0.0,0.0,1.0,0,0,0,0,0
werr0.60_wrp0.00,0.6,0.4,0.0,2,The algorithm maintains two sequences x_k and y_k. Update: y_k = x_k + beta_k(x_,COMPLETED,61.09,1,True,PASS,PASS,5,1.0,0.0,0.0,1.0,0,0,0,0,0
werr0.60_wrp0.00,0.6,0.4,0.0,3,"The algorithm updates parameters via x_{k+1} = argmin_x { <grad(f)(x_k), x> + (1",COMPLETED,71.55,1,True,PASS,PASS,5,1.0,0.0,0.0,1.0,0,0,0,0,0
werr0.60_wrp0.00,0.6,0.4,0.0,4,"The algorithm updates parameters via x_{k+1} = argmin_x { <grad(f)(x_k), x> + (1",COMPLETED,69.44,1,True,PASS,PASS,5,1.0,0.0,0.0,1.0,0,0,0,0,0
werr0.60_wrp0.00,0.6,0.4,0.0,5,The algorithm uses a double-loop structure. Outer loop updates full gradient. In,COMPLETED,79.68,1,True,PASS,PASS,5,1.0,0.0,0.0,1.0,0,0,0,0,0
werr0.60_wrp0.00,0.6,0.4,0.0,6,The algorithm uses a double-loop structure. Outer loop updates full gradient. In,COMPLETED,60.85,1,True,PASS,PASS,5,1.0,0.0,0.0,1.0,0,0,0,0,0
werr0.60_wrp0.00,0.6,0.4,0.0,7,The algorithm uses a double-loop structure. Outer loop updates full gradient. In,COMPLETED,82.45,1,True,PASS_MINOR,PASS_MINOR,4,1.0,0.0,0.0,1.0,0,0,0,0,0
werr0.60_wrp0.00,0.6,0.4,0.0,8,The algorithm maintains a table of past gradients phi_i. Update: x_{k+1} = x_k -,COMPLETED,70.62,1,True,PASS,PASS,5,1.0,0.0,0.0,1.0,0,0,0,0,0
werr0.60_wrp0.00,0.6,0.4,0.0,9,The algorithm maintains a table of past gradients phi_i. Update: x_{k+1} = x_k -,COMPLETED,72.77,1,True,PASS,PASS,5,1.0,0.0,0.0,1.0,0,0,0,0,0
werr0.60_wrp0.00,0.6,0.4,0.0,10,The algorithm maintains a recursive variance estimator v_t = (1-alpha)v_{t-1} + ,COMPLETED,87.07,1,True,PASS,PASS,5,1.0,0.0,0.0,1.0,0,0,0,0,0
werr0.60_wrp0.00,0.6,0.4,0.0,11,The algorithm maintains a recursive variance estimator v_t = (1-alpha)v_{t-1} + ,COMPLETED,71.71,1,True,PASS,PASS,5,1.0,0.0,0.0,1.0,0,0,0,0,0
werr0.60_wrp0.00,0.6,0.4,0.0,12,The algorithm maintains exponential moving averages m_t and v_t. Update includes,COMPLETED,84.1,1,False,FAIL,FAIL,2,0.4,0.0,0.0,1.0,0,0,0,0,0
werr0.60_wrp0.00,0.6,0.4,0.0,13,The algorithm maintains exponential moving averages m_t and v_t. Update includes,COMPLETED,98.3,1,False,FAIL,FAIL,2,0.4,0.0,0.0,1.0,0,0,0,0,0
werr0.60_wrp0.00,0.6,0.4,0.0,14,The algorithm updates parameters using only the sign of the gradient: x_{k+1} = ,COMPLETED,158.87,2,True,CONDITIONAL,PASS,5,1.0,1.0,0.0,1.0,1,0,1,2,0
werr0.60_wrp0.00,0.6,0.4,0.0,15,The algorithm updates parameters using only the sign of the gradient: x_{k+1} = ,COMPLETED,116.37,1,True,PASS,PASS,5,1.0,0.0,0.0,1.0,0,0,0,0,0
werr0.60_wrp0.00,0.6,0.4,0.0,16,The algorithm performs local SGD steps on K clients for E epochs before averagin,COMPLETED,79.62,1,True,PASS,PASS,5,1.0,0.0,0.0,1.0,0,0,0,0,0
werr0.60_wrp0.00,0.6,0.4,0.0,17,The algorithm performs local SGD steps on K clients for E epochs before averagin,COMPLETED,120.96,1,True,PASS,PASS,5,1.0,0.0,0.0,1.0,0,0,0,0,0
werr0.60_wrp0.00,0.6,0.4,0.0,18,The algorithm performs local SGD steps on K clients for E epochs. Clients minimi,COMPLETED,93.81,1,True,PASS,PASS,5,1.0,0.0,0.0,1.0,0,0,0,0,0
werr0.60_wrp0.00,0.6,0.4,0.0,19,The algorithm performs local SGD steps on K clients for E epochs. Clients minimi,COMPLETED,64.83,1,True,PASS,PASS,5,1.0,0.0,0.0,1.0,0,0,0,0,0
werr0.60_wrp0.00,0.6,0.4,0.0,20,The algorithm updates x_{k+1} = prox_{eta*g}(x_k - eta * grad(f)(x_k)). Proof mu,COMPLETED,66.68,1,True,PASS_MINOR,PASS_MINOR,4,0.88,0.0,0.0,1.0,0,0,0,0,0
werr0.60_wrp0.00,0.6,0.4,0.0,21,The algorithm updates x_{k+1} = prox_{eta*g}(x_k - eta * grad(f)(x_k)). Proof mu,COMPLETED,53.78,1,True,PASS,PASS,5,1.0,0.0,0.0,1.0,0,0,0,0,0
werr0.60_wrp0.00,0.6,0.4,0.0,22,The algorithm updates x_{k+1} = prox_{eta*g}(x_k - eta * grad(f)(x_k)). Proof mu,COMPLETED,57.71,1,True,PASS,PASS,5,1.0,0.0,0.0,1.0,0,0,0,0,0
werr0.60_wrp0.00,0.6,0.4,0.0,23,The algorithm updates x_{k+1} = prox_{eta*g}(x_k - eta * grad(f)(x_k)). Proof mu,COMPLETED,54.67,1,True,PASS,PASS,5,1.0,0.0,0.0,1.0,0,0,0,0,0
werr0.60_wrp0.00,0.6,0.4,0.0,24,The algorithm updates x_{k+1} = prox_{eta*g}(x_k - eta * grad(f)(x_k)). Uses mom,COMPLETED,79.23,1,True,PASS,PASS,5,1.0,0.0,0.0,1.0,0,0,0,0,0
werr0.60_wrp0.00,0.6,0.4,0.0,25,The algorithm updates x_{k+1} = prox_{eta*g}(x_k - eta * grad(f)(x_k)). Uses mom,COMPLETED,87.91,1,True,PASS,PASS,5,1.0,0.0,0.0,1.0,0,0,0,0,0
werr0.60_wrp0.00,0.6,0.4,0.0,26,The algorithm selects coordinate i_k with probability p_i. Update only affects c,COMPLETED,71.38,1,True,PASS,PASS,5,1.0,0.0,0.0,1.0,0,0,0,0,0
werr0.60_wrp0.00,0.6,0.4,0.0,27,The algorithm selects coordinate i_k with probability p_i. Update only affects c,COMPLETED,72.02,1,True,PASS,PASS,5,1.0,0.0,0.0,1.0,0,0,0,0,0
werr0.60_wrp0.00,0.6,0.4,0.0,28,The algorithm selects coordinate i_k with probability p_i. Update only affects c,COMPLETED,62.61,1,True,PASS,PASS,5,1.0,0.0,0.0,1.0,0,0,0,0,0
werr0.60_wrp0.00,0.6,0.4,0.0,29,The algorithm updates x_{k+1} = x_k + beta(x_k - x_{k-1}) - alpha * grad(f)(x_k),COMPLETED,63.59,1,True,PASS,PASS,5,1.0,0.0,0.0,1.0,0,0,0,0,0
werr0.60_wrp0.00,0.6,0.4,0.0,30,The algorithm updates x_{k+1} = x_k + beta(x_k - x_{k-1}) - alpha * grad(f)(x_k),COMPLETED,78.09,1,True,PASS,PASS,5,1.0,0.0,0.0,1.0,0,0,0,0,0
werr0.60_wrp0.00,0.6,0.4,0.0,31,The algorithm solves linear minimization oracle s_k = argmin_{s in C} <grad(f)(x,COMPLETED,148.79,2,True,FAIL,PASS,5,1.0,1.0,0.0,1.0,2,0,2,2,0
werr0.60_wrp0.00,0.6,0.4,0.0,32,The algorithm solves linear minimization oracle s_k = argmin_{s in C} <grad(f)(x,COMPLETED,184.53,1,True,PASS_MINOR,PASS_MINOR,4,0.92,0.0,0.0,1.0,0,0,0,0,0
werr0.60_wrp0.00,0.6,0.4,0.0,33,The algorithm solves linear minimization oracle s_k = argmin_{s in C} <grad(f)(x,COMPLETED,68.09,1,True,PASS,PASS,5,1.0,0.0,0.0,1.0,0,0,0,0,0
werr0.60_wrp0.00,0.6,0.4,0.0,34,"The algorithm clips gradients: g_t = grad(f)(x_t) / max(1, ||grad(f)(x_t)||/C). ",COMPLETED,166.38,2,True,FAIL,PASS,5,1.0,1.0,0.0,1.0,1,0,1,1,0
werr0.60_wrp0.00,0.6,0.4,0.0,35,"The algorithm clips gradients: g_t = grad(f)(x_t) / max(1, ||grad(f)(x_t)||/C). ",COMPLETED,51.34,1,True,PASS,PASS,5,1.0,0.0,0.0,1.0,0,0,0,0,0
werr0.60_wrp0.00,0.6,0.4,0.0,36,The algorithm uses stochastic Hessian estimates H_t. Update: x_{k+1} = x_t - alp,COMPLETED,211.3,2,True,CONDITIONAL,PASS,5,1.0,1.0,0.0,1.0,0,0,0,0,0
werr0.60_wrp0.00,0.6,0.4,0.0,37,The algorithm uses stochastic Hessian estimates H_t. Update: x_{k+1} = x_t - alp,COMPLETED,63.35,1,True,PASS,PASS,5,1.0,0.0,0.0,1.0,0,0,0,0,0
werr0.60_wrp0.00,0.6,0.4,0.0,38,The algorithm maintains dual variables y_k and primal x_k. Updates involve gradi,COMPLETED,59.14,1,True,PASS,PASS,5,1.0,0.0,0.0,1.0,0,0,0,0,0
werr0.60_wrp0.00,0.6,0.4,0.0,39,The algorithm maintains dual variables y_k and primal x_k. Updates involve gradi,COMPLETED,63.94,1,True,PASS,PASS,5,1.0,0.0,0.0,1.0,0,0,0,0,0
werr0.60_wrp0.00,0.6,0.4,0.0,40,"The algorithm minimizes max_x min_y L(x,y). Updates x via gradient ascent and y ",COMPLETED,54.08,1,True,PASS,PASS,5,1.0,0.0,0.0,1.0,0,0,0,0,0
werr0.60_wrp0.00,0.6,0.4,0.0,41,"The algorithm minimizes max_x min_y L(x,y). Updates x via gradient ascent and y ",COMPLETED,84.15,1,True,PASS,PASS,5,1.0,0.0,0.0,1.0,0,0,0,0,0
werr0.60_wrp0.00,0.6,0.4,0.0,42,"The algorithm minimizes max_x min_y L(x,y). Uses extra gradient step: x_{k+1/2} ",COMPLETED,70.91,1,True,PASS,PASS,5,1.0,0.0,0.0,1.0,0,0,0,0,0
werr0.60_wrp0.00,0.6,0.4,0.0,43,"The algorithm minimizes max_x min_y L(x,y). Uses optimistic update: uses gradien",COMPLETED,67.59,1,True,PASS_MINOR,PASS_MINOR,4,0.88,0.0,0.0,1.0,0,0,0,0,0
werr0.60_wrp0.00,0.6,0.4,0.0,44,The algorithm adds Gaussian noise to gradients at each step: g_t = grad(f)(x_t) ,COMPLETED,59.46,1,True,PASS,PASS,5,1.0,0.0,0.0,1.0,0,0,0,0,0
werr0.60_wrp0.00,0.6,0.4,0.0,45,The algorithm adds Gaussian noise to gradients at each step: g_t = grad(f)(x_t) ,COMPLETED,56.64,1,True,PASS,PASS,5,1.0,0.0,0.0,1.0,0,0,0,0,0
werr0.60_wrp0.00,0.6,0.4,0.0,46,The algorithm maintains a running average of gradients A_k = sum_{i=1}^k g_i. St,COMPLETED,70.67,1,True,PASS,PASS,5,1.0,0.0,0.0,1.0,0,0,0,0,0
werr0.60_wrp0.00,0.6,0.4,0.0,47,The algorithm maintains a running average of gradients A_k = sum_{i=1}^k g_i. St,COMPLETED,59.15,1,True,PASS_MINOR,PASS_MINOR,4,0.6,0.0,0.0,1.0,0,1,-1,1,1
werr0.60_wrp0.00,0.6,0.4,0.0,48,The algorithm maintains a running average of squared gradients v_t = beta * v_{t,COMPLETED,63.48,1,True,PASS_MINOR,PASS_MINOR,4,0.88,0.0,0.0,1.0,0,0,0,0,0
werr0.60_wrp0.00,0.6,0.4,0.0,49,The algorithm uses a trust region constraint ||x - x_k|| <= Delta. Solves subpro,COMPLETED,63.16,1,True,PASS,PASS,5,1.0,0.0,0.0,1.0,0,0,0,0,0
werr0.60_wrp0.00,0.6,0.4,0.0,50,The algorithm uses a trust region constraint ||x - x_k|| <= Delta. Solves subpro,COMPLETED,209.75,1,True,PASS_MINOR,PASS_MINOR,4,0.8,0.0,0.0,1.0,0,0,0,0,0
werr0.60_wrp0.00,0.6,0.4,0.0,51,The algorithm updates x_{k+1} = x_k - alpha * grad(f)(x_k) + noise_k. Noise vari,COMPLETED,170.44,1,True,PASS_MINOR,PASS_MINOR,4,0.88,0.0,0.0,1.0,0,0,0,0,0
werr0.60_wrp0.00,0.6,0.4,0.0,52,The algorithm updates x_{k+1} = x_k - alpha * grad(f)(x_k) + noise_k. Noise vari,COMPLETED,46.03,1,True,PASS,PASS,5,1.0,0.0,0.0,1.0,0,0,0,0,0
werr0.60_wrp0.00,0.6,0.4,0.0,53,The algorithm maintains a snapshot of weights every k steps. Uses interpolation ,COMPLETED,79.89,1,True,PASS_MINOR,PASS_MINOR,4,1.0,0.0,0.0,1.0,0,0,0,0,0
werr0.60_wrp0.00,0.6,0.4,0.0,54,The algorithm uses a cyclic learning rate schedule. Step size varies between eta,COMPLETED,58.56,1,True,PASS,PASS,5,1.0,0.0,0.0,1.0,0,0,0,0,0
werr0.60_wrp0.00,0.6,0.4,0.0,55,The algorithm uses a warm restart schedule. Step size resets to eta_max every M ,COMPLETED,73.64,1,True,PASS,PASS,5,1.0,0.0,0.0,1.0,0,0,0,0,0
werr0.60_wrp0.00,0.6,0.4,0.0,56,The algorithm selects a random subset of coordinates at each step (block coordin,COMPLETED,90.29,1,True,PASS_MINOR,PASS_MINOR,4,0.6,0.0,0.0,1.0,0,1,-1,1,1
werr0.60_wrp0.00,0.6,0.4,0.0,57,The algorithm selects a random subset of coordinates at each step (block coordin,COMPLETED,72.14,1,True,PASS,PASS,5,1.0,0.0,0.0,1.0,0,0,0,0,0
werr0.60_wrp0.00,0.6,0.4,0.0,58,The algorithm uses a quantized gradient operator Q(g) such that E[Q(g)] = g. Com,COMPLETED,76.54,1,True,PASS,PASS,5,1.0,0.0,0.0,1.0,0,0,0,0,0
werr0.60_wrp0.00,0.6,0.4,0.0,59,The algorithm uses a quantized gradient operator Q(g) such that E[Q(g)] = g. Com,COMPLETED,145.61,1,True,PASS,PASS,5,1.0,0.0,0.0,1.0,0,0,0,0,0
werr0.60_wrp0.00,0.6,0.4,0.0,60,The algorithm uses error feedback: stores quantization error e_k and adds it to ,COMPLETED,101.07,1,True,PASS_MINOR,PASS_MINOR,4,0.8,0.0,0.0,1.0,0,0,0,0,0
werr0.60_wrp0.00,0.6,0.4,0.0,61,The algorithm uses a sparse gradient operator: only top-K largest magnitude grad,COMPLETED,59.45,1,True,PASS,PASS,5,1.0,0.0,0.0,1.0,0,0,0,0,0
werr0.60_wrp0.00,0.6,0.4,0.0,62,The algorithm uses a sparse gradient operator: only top-K largest magnitude grad,COMPLETED,102.44,1,False,FAIL,FAIL,2,0.52,0.0,0.0,1.0,0,0,0,0,0
werr0.60_wrp0.20,0.6,0.4,0.2,0,The algorithm maintains two sequences x_k and y_k. Update: y_k = x_k + beta_k(x_,COMPLETED,51.71,1,True,PASS,PASS,5,1.0,0.0,0.0,1.0,0,0,0,0,0
werr0.60_wrp0.20,0.6,0.4,0.2,1,The algorithm maintains two sequences x_k and y_k. Update: y_k = x_k + beta_k(x_,COMPLETED,110.37,1,True,PASS,PASS,5,1.0,0.0,0.0,1.0,0,0,0,0,0
werr0.60_wrp0.20,0.6,0.4,0.2,2,The algorithm maintains two sequences x_k and y_k. Update: y_k = x_k + beta_k(x_,COMPLETED,91.31,1,True,PASS,PASS,5,1.0,0.0,0.0,1.0,0,0,0,0,0
werr0.60_wrp0.20,0.6,0.4,0.2,3,"The algorithm updates parameters via x_{k+1} = argmin_x { <grad(f)(x_k), x> + (1",COMPLETED,55.98,1,True,PASS,PASS,5,1.0,0.0,0.0,1.0,0,0,0,0,0
werr0.60_wrp0.20,0.6,0.4,0.2,4,"The algorithm updates parameters via x_{k+1} = argmin_x { <grad(f)(x_k), x> + (1",COMPLETED,73.3,1,True,PASS,PASS,5,1.0,0.0,0.0,1.0,0,0,0,0,0
werr0.60_wrp0.20,0.6,0.4,0.2,5,The algorithm uses a double-loop structure. Outer loop updates full gradient. In,COMPLETED,69.59,1,True,PASS,PASS,5,1.0,0.0,0.0,1.0,0,0,0,0,0
werr0.60_wrp0.20,0.6,0.4,0.2,6,The algorithm uses a double-loop structure. Outer loop updates full gradient. In,COMPLETED,61.46,1,True,PASS_MINOR,PASS_MINOR,4,0.8,0.0,0.0,1.0,0,0,0,0,0
werr0.60_wrp0.20,0.6,0.4,0.2,7,The algorithm uses a double-loop structure. Outer loop updates full gradient. In,COMPLETED,134.48,1,True,PASS,PASS,5,1.0,0.0,0.0,1.0,0,0,0,0,0
werr0.60_wrp0.20,0.6,0.4,0.2,8,The algorithm maintains a table of past gradients phi_i. Update: x_{k+1} = x_k -,COMPLETED,63.06,1,True,PASS,PASS,5,1.0,0.0,0.0,1.0,0,0,0,0,0
werr0.60_wrp0.20,0.6,0.4,0.2,9,The algorithm maintains a table of past gradients phi_i. Update: x_{k+1} = x_k -,COMPLETED,64.06,1,True,PASS,PASS,5,1.0,0.0,0.0,1.0,0,0,0,0,0
werr0.60_wrp0.20,0.6,0.4,0.2,10,The algorithm maintains a recursive variance estimator v_t = (1-alpha)v_{t-1} + ,COMPLETED,131.01,1,True,PASS,PASS,5,1.0,0.0,0.0,1.0,0,0,0,0,0
werr0.60_wrp0.20,0.6,0.4,0.2,11,The algorithm maintains a recursive variance estimator v_t = (1-alpha)v_{t-1} + ,COMPLETED,64.93,1,True,PASS,PASS,5,1.0,0.0,0.0,1.0,0,0,0,0,0
werr0.60_wrp0.20,0.6,0.4,0.2,12,The algorithm maintains exponential moving averages m_t and v_t. Update includes,COMPLETED,84.05,1,True,PASS_MINOR,PASS_MINOR,4,0.6,0.0,0.0,1.0,0,1,-1,1,1
werr0.60_wrp0.20,0.6,0.4,0.2,13,The algorithm maintains exponential moving averages m_t and v_t. Update includes,COMPLETED,141.73,1,True,PASS_MINOR,PASS_MINOR,4,0.6,0.0,0.0,1.0,0,1,-1,2,2
werr0.60_wrp0.20,0.6,0.4,0.2,14,The algorithm updates parameters using only the sign of the gradient: x_{k+1} = ,COMPLETED,165.92,1,True,PASS,PASS,5,1.0,0.0,0.0,1.0,0,0,0,0,0
werr0.60_wrp0.20,0.6,0.4,0.2,15,The algorithm updates parameters using only the sign of the gradient: x_{k+1} = ,COMPLETED,75.31,1,True,PASS,PASS,5,1.0,0.0,0.0,1.0,0,0,0,0,0
werr0.60_wrp0.20,0.6,0.4,0.2,16,The algorithm performs local SGD steps on K clients for E epochs before averagin,COMPLETED,91.03,1,True,PASS,PASS,5,1.0,0.0,0.0,1.0,0,0,0,0,0
werr0.60_wrp0.20,0.6,0.4,0.2,17,The algorithm performs local SGD steps on K clients for E epochs before averagin,COMPLETED,58.95,1,True,PASS,PASS,5,1.0,0.0,0.0,1.0,0,0,0,0,0
werr0.60_wrp0.20,0.6,0.4,0.2,18,The algorithm performs local SGD steps on K clients for E epochs. Clients minimi,COMPLETED,93.57,1,True,PASS_MINOR,PASS_MINOR,4,0.88,0.0,0.0,1.0,0,0,0,0,0
werr0.60_wrp0.20,0.6,0.4,0.2,19,The algorithm performs local SGD steps on K clients for E epochs. Clients minimi,COMPLETED,74.86,1,True,PASS,PASS,5,1.0,0.0,0.0,1.0,0,0,0,0,0
werr0.60_wrp0.20,0.6,0.4,0.2,20,The algorithm updates x_{k+1} = prox_{eta*g}(x_k - eta * grad(f)(x_k)). Proof mu,COMPLETED,50.47,1,True,PASS,PASS,5,1.0,0.0,0.0,1.0,0,0,0,0,0
werr0.60_wrp0.20,0.6,0.4,0.2,21,The algorithm updates x_{k+1} = prox_{eta*g}(x_k - eta * grad(f)(x_k)). Proof mu,COMPLETED,62.35,1,True,PASS,PASS,5,1.0,0.0,0.0,1.0,0,0,0,0,0
werr0.60_wrp0.20,0.6,0.4,0.2,22,The algorithm updates x_{k+1} = prox_{eta*g}(x_k - eta * grad(f)(x_k)). Proof mu,COMPLETED,43.46,1,True,PASS,PASS,5,1.0,0.0,0.0,1.0,0,0,0,0,0
werr0.60_wrp0.20,0.6,0.4,0.2,23,The algorithm updates x_{k+1} = prox_{eta*g}(x_k - eta * grad(f)(x_k)). Proof mu,COMPLETED,84.72,1,True,PASS,PASS,5,1.0,0.0,0.0,1.0,0,0,0,0,0
werr0.60_wrp0.20,0.6,0.4,0.2,24,The algorithm updates x_{k+1} = prox_{eta*g}(x_k - eta * grad(f)(x_k)). Uses mom,COMPLETED,124.79,1,True,PASS,PASS,5,1.0,0.0,0.0,1.0,0,0,0,0,0
werr0.60_wrp0.20,0.6,0.4,0.2,25,The algorithm updates x_{k+1} = prox_{eta*g}(x_k - eta * grad(f)(x_k)). Uses mom,COMPLETED,63.72,1,False,FAIL,FAIL,2,0.4,0.0,0.0,1.0,0,0,0,0,0
werr0.60_wrp0.20,0.6,0.4,0.2,26,The algorithm selects coordinate i_k with probability p_i. Update only affects c,COMPLETED,107.71,1,True,PASS,PASS,5,1.0,0.0,0.0,1.0,0,0,0,0,0
werr0.60_wrp0.20,0.6,0.4,0.2,27,The algorithm selects coordinate i_k with probability p_i. Update only affects c,COMPLETED,59.66,1,True,PASS,PASS,5,1.0,0.0,0.0,1.0,0,0,0,0,0
werr0.60_wrp0.20,0.6,0.4,0.2,28,The algorithm selects coordinate i_k with probability p_i. Update only affects c,COMPLETED,194.87,1,False,FAIL,FAIL,2,0.4,0.0,0.0,1.0,0,0,0,0,0
werr0.60_wrp0.20,0.6,0.4,0.2,29,The algorithm updates x_{k+1} = x_k + beta(x_k - x_{k-1}) - alpha * grad(f)(x_k),COMPLETED,141.71,1,True,PASS,PASS,5,1.0,0.0,0.0,1.0,0,0,0,0,0
werr0.60_wrp0.20,0.6,0.4,0.2,30,The algorithm updates x_{k+1} = x_k + beta(x_k - x_{k-1}) - alpha * grad(f)(x_k),COMPLETED,54.84,1,True,PASS,PASS,5,1.0,0.0,0.0,1.0,0,0,0,0,0
werr0.60_wrp0.20,0.6,0.4,0.2,31,The algorithm solves linear minimization oracle s_k = argmin_{s in C} <grad(f)(x,COMPLETED,62.43,1,True,PASS,PASS,5,1.0,0.0,0.0,1.0,0,0,0,0,0
werr0.60_wrp0.20,0.6,0.4,0.2,32,The algorithm solves linear minimization oracle s_k = argmin_{s in C} <grad(f)(x,COMPLETED,107.41,1,True,PASS_MINOR,PASS_MINOR,4,1.0,0.0,0.0,1.0,0,0,0,0,0
werr0.60_wrp0.20,0.6,0.4,0.2,33,The algorithm solves linear minimization oracle s_k = argmin_{s in C} <grad(f)(x,COMPLETED,68.62,1,True,PASS,PASS,5,1.0,0.0,0.0,1.0,0,0,0,0,0
werr0.60_wrp0.20,0.6,0.4,0.2,34,"The algorithm clips gradients: g_t = grad(f)(x_t) / max(1, ||grad(f)(x_t)||/C). ",COMPLETED,77.7,1,True,PASS,PASS,5,1.0,0.0,0.0,1.0,0,0,0,0,0
werr0.60_wrp0.20,0.6,0.4,0.2,35,"The algorithm clips gradients: g_t = grad(f)(x_t) / max(1, ||grad(f)(x_t)||/C). ",COMPLETED,163.01,2,True,FAIL,PASS,5,1.0,1.0,0.0,1.0,1,0,1,1,0
werr0.60_wrp0.20,0.6,0.4,0.2,36,The algorithm uses stochastic Hessian estimates H_t. Update: x_{k+1} = x_t - alp,COMPLETED,90.07,1,True,PASS,PASS,5,1.0,0.0,0.0,1.0,0,0,0,0,0
werr0.60_wrp0.20,0.6,0.4,0.2,37,The algorithm uses stochastic Hessian estimates H_t. Update: x_{k+1} = x_t - alp,COMPLETED,68.21,1,True,PASS,PASS,5,1.0,0.0,0.0,1.0,0,0,0,0,0
werr0.60_wrp0.20,0.6,0.4,0.2,38,The algorithm maintains dual variables y_k and primal x_k. Updates involve gradi,COMPLETED,70.54,1,True,PASS_MINOR,PASS_MINOR,4,0.88,0.0,0.0,1.0,0,0,0,0,0
werr0.60_wrp0.20,0.6,0.4,0.2,39,The algorithm maintains dual variables y_k and primal x_k. Updates involve gradi,COMPLETED,60.81,1,True,PASS,PASS,5,1.0,0.0,0.0,1.0,0,0,0,0,0
werr0.60_wrp0.20,0.6,0.4,0.2,40,"The algorithm minimizes max_x min_y L(x,y). Updates x via gradient ascent and y ",COMPLETED,104.67,1,True,PASS_MINOR,PASS_MINOR,4,0.88,0.0,0.0,1.0,0,0,0,0,0
werr0.60_wrp0.20,0.6,0.4,0.2,41,"The algorithm minimizes max_x min_y L(x,y). Updates x via gradient ascent and y ",COMPLETED,108.01,1,True,PASS,PASS,5,1.0,0.0,0.0,1.0,0,0,0,0,0
werr0.60_wrp0.20,0.6,0.4,0.2,42,"The algorithm minimizes max_x min_y L(x,y). Uses extra gradient step: x_{k+1/2} ",COMPLETED,73.27,1,True,PASS,PASS,5,1.0,0.0,0.0,1.0,0,0,0,0,0
werr0.60_wrp0.20,0.6,0.4,0.2,43,"The algorithm minimizes max_x min_y L(x,y). Uses optimistic update: uses gradien",COMPLETED,69.44,1,True,PASS,PASS,5,1.0,0.0,0.0,1.0,0,0,0,0,0
werr0.60_wrp0.20,0.6,0.4,0.2,44,The algorithm adds Gaussian noise to gradients at each step: g_t = grad(f)(x_t) ,COMPLETED,68.55,1,True,PASS,PASS,5,1.0,0.0,0.0,1.0,0,0,0,0,0
werr0.60_wrp0.20,0.6,0.4,0.2,45,The algorithm adds Gaussian noise to gradients at each step: g_t = grad(f)(x_t) ,COMPLETED,140.92,1,True,PASS,PASS,5,1.0,0.0,0.0,1.0,0,0,0,0,0
werr0.60_wrp0.20,0.6,0.4,0.2,46,The algorithm maintains a running average of gradients A_k = sum_{i=1}^k g_i. St,COMPLETED,63.18,1,True,PASS,PASS,5,1.0,0.0,0.0,1.0,0,0,0,0,0
werr0.60_wrp0.20,0.6,0.4,0.2,47,The algorithm maintains a running average of gradients A_k = sum_{i=1}^k g_i. St,COMPLETED,75.66,1,False,FAIL,FAIL,2,0.4,0.0,0.0,1.0,0,0,0,0,0
werr0.60_wrp0.20,0.6,0.4,0.2,48,The algorithm maintains a running average of squared gradients v_t = beta * v_{t,COMPLETED,74.02,1,True,PASS_MINOR,PASS_MINOR,4,1.0,0.0,0.0,1.0,0,0,0,0,0
werr0.60_wrp0.20,0.6,0.4,0.2,49,The algorithm uses a trust region constraint ||x - x_k|| <= Delta. Solves subpro,COMPLETED,139.15,1,True,PASS,PASS,5,1.0,0.0,0.0,1.0,0,0,0,0,0
werr0.60_wrp0.20,0.6,0.4,0.2,50,The algorithm uses a trust region constraint ||x - x_k|| <= Delta. Solves subpro,COMPLETED,73.15,1,True,PASS,PASS,5,1.0,0.0,0.0,1.0,0,0,0,0,0
werr0.60_wrp0.20,0.6,0.4,0.2,51,The algorithm updates x_{k+1} = x_k - alpha * grad(f)(x_k) + noise_k. Noise vari,COMPLETED,65.16,1,True,PASS,PASS,5,1.0,0.0,0.0,1.0,0,0,0,0,0
werr0.60_wrp0.20,0.6,0.4,0.2,52,The algorithm updates x_{k+1} = x_k - alpha * grad(f)(x_k) + noise_k. Noise vari,COMPLETED,60.61,1,True,PASS,PASS,5,1.0,0.0,0.0,1.0,0,0,0,0,0
werr0.60_wrp0.20,0.6,0.4,0.2,53,The algorithm maintains a snapshot of weights every k steps. Uses interpolation ,COMPLETED,137.91,1,True,PASS,PASS,5,1.0,0.0,0.0,1.0,0,0,0,0,0
werr0.60_wrp0.20,0.6,0.4,0.2,54,The algorithm uses a cyclic learning rate schedule. Step size varies between eta,COMPLETED,64.17,1,True,PASS,PASS,5,1.0,0.0,0.0,1.0,0,0,0,0,0
werr0.60_wrp0.20,0.6,0.4,0.2,55,The algorithm uses a warm restart schedule. Step size resets to eta_max every M ,COMPLETED,91.62,1,True,PASS,PASS,5,1.0,0.0,0.0,1.0,0,0,0,0,0
werr0.60_wrp0.20,0.6,0.4,0.2,56,The algorithm selects a random subset of coordinates at each step (block coordin,COMPLETED,95.81,1,False,FAIL,FAIL,2,0.6,0.0,0.0,1.0,0,0,0,0,0
werr0.60_wrp0.20,0.6,0.4,0.2,57,The algorithm selects a random subset of coordinates at each step (block coordin,COMPLETED,57.45,1,True,PASS,PASS,5,1.0,0.0,0.0,1.0,0,0,0,0,0
werr0.60_wrp0.20,0.6,0.4,0.2,58,The algorithm uses a quantized gradient operator Q(g) such that E[Q(g)] = g. Com,COMPLETED,61.89,1,True,PASS_MINOR,PASS_MINOR,4,0.88,0.0,0.0,1.0,0,0,0,0,0
werr0.60_wrp0.20,0.6,0.4,0.2,59,The algorithm uses a quantized gradient operator Q(g) such that E[Q(g)] = g. Com,COMPLETED,61.86,1,True,PASS,PASS,5,1.0,0.0,0.0,1.0,0,0,0,0,0
werr0.60_wrp0.20,0.6,0.4,0.2,60,The algorithm uses error feedback: stores quantization error e_k and adds it to ,COMPLETED,78.0,1,True,PASS_MINOR,PASS_MINOR,4,0.5867,0.0,0.0,1.0,0,2,-2,2,2
werr0.60_wrp0.20,0.6,0.4,0.2,61,The algorithm uses a sparse gradient operator: only top-K largest magnitude grad,COMPLETED,69.79,1,True,PASS,PASS,5,1.0,0.0,0.0,1.0,0,0,0,0,0
werr0.60_wrp0.20,0.6,0.4,0.2,62,The algorithm uses a sparse gradient operator: only top-K largest magnitude grad,COMPLETED,158.29,1,True,PASS,PASS,5,1.0,0.0,0.0,1.0,0,0,0,0,0
werr0.60_wrp0.40,0.6,0.4,0.4,0,The algorithm maintains two sequences x_k and y_k. Update: y_k = x_k + beta_k(x_,COMPLETED,87.12,1,True,PASS,PASS,5,1.0,0.0,0.0,1.0,0,0,0,0,0
werr0.60_wrp0.40,0.6,0.4,0.4,1,The algorithm maintains two sequences x_k and y_k. Update: y_k = x_k + beta_k(x_,COMPLETED,66.04,1,True,PASS,PASS,5,1.0,0.0,0.0,1.0,0,0,0,0,0
werr0.60_wrp0.40,0.6,0.4,0.4,2,The algorithm maintains two sequences x_k and y_k. Update: y_k = x_k + beta_k(x_,COMPLETED,187.09,2,True,CONDITIONAL,PASS,5,1.0,1.0,0.0,1.0,0,0,0,0,0
werr0.60_wrp0.40,0.6,0.4,0.4,3,"The algorithm updates parameters via x_{k+1} = argmin_x { <grad(f)(x_k), x> + (1",COMPLETED,56.12,1,True,PASS,PASS,5,1.0,0.0,0.0,1.0,0,0,0,0,0
werr0.60_wrp0.40,0.6,0.4,0.4,4,"The algorithm updates parameters via x_{k+1} = argmin_x { <grad(f)(x_k), x> + (1",COMPLETED,128.63,1,True,PASS,PASS,5,1.0,0.0,0.0,1.0,0,0,0,0,0
werr0.60_wrp0.40,0.6,0.4,0.4,5,The algorithm uses a double-loop structure. Outer loop updates full gradient. In,COMPLETED,155.71,1,True,PASS,PASS,5,1.0,0.0,0.0,1.0,0,0,0,0,0
werr0.60_wrp0.40,0.6,0.4,0.4,6,The algorithm uses a double-loop structure. Outer loop updates full gradient. In,COMPLETED,115.26,1,True,PASS,PASS,5,1.0,0.0,0.0,1.0,0,0,0,0,0
werr0.60_wrp0.40,0.6,0.4,0.4,7,The algorithm uses a double-loop structure. Outer loop updates full gradient. In,COMPLETED,87.26,1,True,PASS,PASS,5,1.0,0.0,0.0,1.0,0,0,0,0,0
werr0.60_wrp0.40,0.6,0.4,0.4,8,The algorithm maintains a table of past gradients phi_i. Update: x_{k+1} = x_k -,COMPLETED,104.17,1,True,PASS,PASS,5,1.0,0.0,0.0,1.0,0,0,0,0,0
werr0.60_wrp0.40,0.6,0.4,0.4,9,The algorithm maintains a table of past gradients phi_i. Update: x_{k+1} = x_k -,COMPLETED,74.39,1,False,CONDITIONAL,CONDITIONAL,3,0.6,0.0,0.0,1.0,0,0,0,0,0
werr0.60_wrp0.40,0.6,0.4,0.4,10,The algorithm maintains a recursive variance estimator v_t = (1-alpha)v_{t-1} + ,COMPLETED,70.51,1,True,PASS,PASS,5,1.0,0.0,0.0,1.0,0,0,0,0,0
werr0.60_wrp0.40,0.6,0.4,0.4,11,The algorithm maintains a recursive variance estimator v_t = (1-alpha)v_{t-1} + ,COMPLETED,85.15,1,True,PASS_MINOR,PASS_MINOR,4,0.8,0.0,0.0,1.0,0,0,0,0,0
werr0.60_wrp0.40,0.6,0.4,0.4,12,The algorithm maintains exponential moving averages m_t and v_t. Update includes,COMPLETED,61.16,1,True,PASS_MINOR,PASS_MINOR,4,0.8,0.0,0.0,1.0,0,0,0,0,0
werr0.60_wrp0.40,0.6,0.4,0.4,13,The algorithm maintains exponential moving averages m_t and v_t. Update includes,COMPLETED,82.86,1,True,PASS_MINOR,PASS_MINOR,4,0.6,0.0,0.0,1.0,0,1,-1,1,1
werr0.60_wrp0.40,0.6,0.4,0.4,14,The algorithm updates parameters using only the sign of the gradient: x_{k+1} = ,COMPLETED,238.56,2,True,FAIL,PASS_MINOR,4,1.0,1.0,0.0,1.0,1,0,1,1,0
werr0.60_wrp0.40,0.6,0.4,0.4,15,The algorithm updates parameters using only the sign of the gradient: x_{k+1} = ,COMPLETED,181.89,1,True,PASS_MINOR,PASS_MINOR,4,1.0,0.0,0.0,1.0,0,0,0,0,0
werr0.60_wrp0.40,0.6,0.4,0.4,16,The algorithm performs local SGD steps on K clients for E epochs before averagin,COMPLETED,69.7,1,True,PASS,PASS,5,1.0,0.0,0.0,1.0,0,0,0,0,0
werr0.60_wrp0.40,0.6,0.4,0.4,17,The algorithm performs local SGD steps on K clients for E epochs before averagin,COMPLETED,81.33,1,True,PASS,PASS,5,1.0,0.0,0.0,1.0,0,0,0,0,0
werr0.60_wrp0.40,0.6,0.4,0.4,18,The algorithm performs local SGD steps on K clients for E epochs. Clients minimi,COMPLETED,112.39,1,False,CONDITIONAL,CONDITIONAL,3,0.48,0.0,0.0,1.0,0,0,0,0,0
werr0.60_wrp0.40,0.6,0.4,0.4,19,The algorithm performs local SGD steps on K clients for E epochs. Clients minimi,COMPLETED,118.33,1,True,PASS,PASS,5,1.0,0.0,0.0,1.0,0,0,0,0,0
werr0.60_wrp0.40,0.6,0.4,0.4,20,The algorithm updates x_{k+1} = prox_{eta*g}(x_k - eta * grad(f)(x_k)). Proof mu,COMPLETED,64.84,1,True,PASS,PASS,5,1.0,0.0,0.0,1.0,0,0,0,0,0
werr0.60_wrp0.40,0.6,0.4,0.4,21,The algorithm updates x_{k+1} = prox_{eta*g}(x_k - eta * grad(f)(x_k)). Proof mu,COMPLETED,71.54,1,True,PASS,PASS,5,1.0,0.0,0.0,1.0,0,0,0,0,0
werr0.60_wrp0.40,0.6,0.4,0.4,22,The algorithm updates x_{k+1} = prox_{eta*g}(x_k - eta * grad(f)(x_k)). Proof mu,COMPLETED,96.44,1,True,PASS,PASS,5,1.0,0.0,0.0,1.0,0,0,0,0,0
werr0.60_wrp0.40,0.6,0.4,0.4,23,The algorithm updates x_{k+1} = prox_{eta*g}(x_k - eta * grad(f)(x_k)). Proof mu,COMPLETED,72.29,1,True,PASS,PASS,5,1.0,0.0,0.0,1.0,0,0,0,0,0
werr0.60_wrp0.40,0.6,0.4,0.4,24,The algorithm updates x_{k+1} = prox_{eta*g}(x_k - eta * grad(f)(x_k)). Uses mom,COMPLETED,236.04,2,False,FAIL,FAIL,2,1.0,1.0,0.0,1.0,1,0,1,1,0
werr0.60_wrp0.40,0.6,0.4,0.4,25,The algorithm updates x_{k+1} = prox_{eta*g}(x_k - eta * grad(f)(x_k)). Uses mom,COMPLETED,75.93,1,True,PASS,PASS,5,1.0,0.0,0.0,1.0,0,0,0,0,0
werr0.60_wrp0.40,0.6,0.4,0.4,26,The algorithm selects coordinate i_k with probability p_i. Update only affects c,COMPLETED,77.17,1,True,PASS_MINOR,PASS_MINOR,4,0.6,0.0,0.0,1.0,0,1,-1,1,1
werr0.60_wrp0.40,0.6,0.4,0.4,27,The algorithm selects coordinate i_k with probability p_i. Update only affects c,COMPLETED,61.16,1,True,PASS,PASS,5,1.0,0.0,0.0,1.0,0,0,0,0,0
werr0.60_wrp0.40,0.6,0.4,0.4,28,The algorithm selects coordinate i_k with probability p_i. Update only affects c,COMPLETED,131.11,1,True,PASS,PASS,5,1.0,0.0,0.0,1.0,0,0,0,0,0
werr0.60_wrp0.40,0.6,0.4,0.4,29,The algorithm updates x_{k+1} = x_k + beta(x_k - x_{k-1}) - alpha * grad(f)(x_k),COMPLETED,112.21,1,True,PASS,PASS,5,1.0,0.0,0.0,1.0,0,0,0,0,0
werr0.60_wrp0.40,0.6,0.4,0.4,30,The algorithm updates x_{k+1} = x_k + beta(x_k - x_{k-1}) - alpha * grad(f)(x_k),COMPLETED,76.42,1,True,PASS,PASS,5,1.0,0.0,0.0,1.0,0,0,0,0,0
werr0.60_wrp0.40,0.6,0.4,0.4,31,The algorithm solves linear minimization oracle s_k = argmin_{s in C} <grad(f)(x,COMPLETED,135.33,1,True,PASS,PASS,5,1.0,0.0,0.0,1.0,0,0,0,0,0
werr0.60_wrp0.40,0.6,0.4,0.4,32,The algorithm solves linear minimization oracle s_k = argmin_{s in C} <grad(f)(x,COMPLETED,60.24,1,True,PASS,PASS,5,1.0,0.0,0.0,1.0,0,0,0,0,0
werr0.60_wrp0.40,0.6,0.4,0.4,33,The algorithm solves linear minimization oracle s_k = argmin_{s in C} <grad(f)(x,COMPLETED,76.56,1,True,PASS,PASS,5,1.0,0.0,0.0,1.0,0,0,0,0,0
werr0.60_wrp0.40,0.6,0.4,0.4,34,"The algorithm clips gradients: g_t = grad(f)(x_t) / max(1, ||grad(f)(x_t)||/C). ",COMPLETED,67.54,1,True,PASS,PASS,5,1.0,0.0,0.0,1.0,0,0,0,0,0
werr0.60_wrp0.40,0.6,0.4,0.4,35,"The algorithm clips gradients: g_t = grad(f)(x_t) / max(1, ||grad(f)(x_t)||/C). ",COMPLETED,143.66,1,True,PASS,PASS,5,1.0,0.0,0.0,1.0,0,0,0,0,0
werr0.60_wrp0.40,0.6,0.4,0.4,36,The algorithm uses stochastic Hessian estimates H_t. Update: x_{k+1} = x_t - alp,COMPLETED,85.76,1,True,PASS_MINOR,PASS_MINOR,4,0.6,0.0,0.0,1.0,0,1,-1,1,1
werr0.60_wrp0.40,0.6,0.4,0.4,37,The algorithm uses stochastic Hessian estimates H_t. Update: x_{k+1} = x_t - alp,COMPLETED,68.3,1,True,PASS,PASS,5,1.0,0.0,0.0,1.0,0,0,0,0,0
werr0.60_wrp0.40,0.6,0.4,0.4,38,The algorithm maintains dual variables y_k and primal x_k. Updates involve gradi,COMPLETED,73.89,1,True,PASS,PASS,5,1.0,0.0,0.0,1.0,0,0,0,0,0
werr0.60_wrp0.40,0.6,0.4,0.4,39,The algorithm maintains dual variables y_k and primal x_k. Updates involve gradi,COMPLETED,76.48,1,True,PASS,PASS,5,1.0,0.0,0.0,1.0,0,0,0,0,0
werr0.60_wrp0.40,0.6,0.4,0.4,40,"The algorithm minimizes max_x min_y L(x,y). Updates x via gradient ascent and y ",COMPLETED,63.63,1,True,PASS,PASS,5,1.0,0.0,0.0,1.0,0,0,0,0,0
werr0.60_wrp0.40,0.6,0.4,0.4,41,"The algorithm minimizes max_x min_y L(x,y). Updates x via gradient ascent and y ",COMPLETED,289.84,2,True,FAIL,PASS,5,1.0,1.0,0.0,1.0,0,0,0,0,0
werr0.60_wrp0.40,0.6,0.4,0.4,42,"The algorithm minimizes max_x min_y L(x,y). Uses extra gradient step: x_{k+1/2} ",COMPLETED,72.03,1,True,PASS,PASS,5,1.0,0.0,0.0,1.0,0,0,0,0,0
werr0.60_wrp0.40,0.6,0.4,0.4,43,"The algorithm minimizes max_x min_y L(x,y). Uses optimistic update: uses gradien",COMPLETED,79.52,1,True,PASS,PASS,5,1.0,0.0,0.0,1.0,0,0,0,0,0
werr0.60_wrp0.40,0.6,0.4,0.4,44,The algorithm adds Gaussian noise to gradients at each step: g_t = grad(f)(x_t) ,COMPLETED,132.9,1,True,PASS,PASS,5,1.0,0.0,0.0,1.0,0,0,0,0,0
werr0.60_wrp0.40,0.6,0.4,0.4,45,The algorithm adds Gaussian noise to gradients at each step: g_t = grad(f)(x_t) ,COMPLETED,77.65,1,True,PASS,PASS,5,1.0,0.0,0.0,1.0,0,0,0,0,0
werr0.60_wrp0.40,0.6,0.4,0.4,46,The algorithm maintains a running average of gradients A_k = sum_{i=1}^k g_i. St,COMPLETED,70.72,1,True,PASS,PASS,5,1.0,0.0,0.0,1.0,0,0,0,0,0
werr0.60_wrp0.40,0.6,0.4,0.4,47,The algorithm maintains a running average of gradients A_k = sum_{i=1}^k g_i. St,COMPLETED,189.44,1,True,PASS_MINOR,PASS_MINOR,4,1.0,0.0,0.0,1.0,0,0,0,0,0
werr0.60_wrp0.40,0.6,0.4,0.4,48,The algorithm maintains a running average of squared gradients v_t = beta * v_{t,COMPLETED,82.27,1,True,PASS,PASS,5,1.0,0.0,0.0,1.0,0,0,0,0,0
werr0.60_wrp0.40,0.6,0.4,0.4,49,The algorithm uses a trust region constraint ||x - x_k|| <= Delta. Solves subpro,COMPLETED,75.47,1,True,PASS,PASS,5,1.0,0.0,0.0,1.0,0,0,0,0,0
werr0.60_wrp0.40,0.6,0.4,0.4,50,The algorithm uses a trust region constraint ||x - x_k|| <= Delta. Solves subpro,COMPLETED,72.17,1,True,PASS,PASS,5,1.0,0.0,0.0,1.0,0,0,0,0,0
werr0.60_wrp0.40,0.6,0.4,0.4,51,The algorithm updates x_{k+1} = x_k - alpha * grad(f)(x_k) + noise_k. Noise vari,COMPLETED,89.7,1,True,PASS,PASS,5,1.0,0.0,0.0,1.0,0,0,0,0,0
werr0.60_wrp0.40,0.6,0.4,0.4,52,The algorithm updates x_{k+1} = x_k - alpha * grad(f)(x_k) + noise_k. Noise vari,COMPLETED,102.45,1,True,PASS,PASS,5,1.0,0.0,0.0,1.0,0,0,0,0,0
werr0.60_wrp0.40,0.6,0.4,0.4,53,The algorithm maintains a snapshot of weights every k steps. Uses interpolation ,COMPLETED,182.15,1,True,PASS_MINOR,PASS_MINOR,4,0.8,0.0,0.0,1.0,0,0,0,0,0
werr0.60_wrp0.40,0.6,0.4,0.4,54,The algorithm uses a cyclic learning rate schedule. Step size varies between eta,COMPLETED,233.92,2,True,CONDITIONAL,PASS,5,1.0,1.0,0.0,1.0,1,0,1,1,0
werr0.60_wrp0.40,0.6,0.4,0.4,55,The algorithm uses a warm restart schedule. Step size resets to eta_max every M ,COMPLETED,72.95,1,True,PASS,PASS,5,1.0,0.0,0.0,1.0,0,0,0,0,0
werr0.60_wrp0.40,0.6,0.4,0.4,56,The algorithm selects a random subset of coordinates at each step (block coordin,COMPLETED,244.98,2,True,FAIL,PASS,5,1.0,1.0,0.0,1.0,1,0,1,1,0
werr0.60_wrp0.40,0.6,0.4,0.4,57,The algorithm selects a random subset of coordinates at each step (block coordin,COMPLETED,183.07,2,True,CONDITIONAL,PASS,5,1.0,1.0,0.0,1.0,1,0,1,1,0
werr0.60_wrp0.40,0.6,0.4,0.4,58,The algorithm uses a quantized gradient operator Q(g) such that E[Q(g)] = g. Com,COMPLETED,78.73,1,True,PASS_MINOR,PASS_MINOR,4,1.0,0.0,0.0,1.0,0,0,0,0,0
werr0.60_wrp0.40,0.6,0.4,0.4,59,The algorithm uses a quantized gradient operator Q(g) such that E[Q(g)] = g. Com,COMPLETED,68.7,1,True,PASS,PASS,5,1.0,0.0,0.0,1.0,0,0,0,0,0
werr0.60_wrp0.40,0.6,0.4,0.4,60,The algorithm uses error feedback: stores quantization error e_k and adds it to ,COMPLETED,84.86,1,True,PASS,PASS,5,1.0,0.0,0.0,1.0,0,0,0,0,0
werr0.60_wrp0.40,0.6,0.4,0.4,61,The algorithm uses a sparse gradient operator: only top-K largest magnitude grad,COMPLETED,188.02,2,True,CONDITIONAL,PASS,5,1.0,1.0,0.0,1.0,0,0,0,0,0
werr0.60_wrp0.40,0.6,0.4,0.4,62,The algorithm uses a sparse gradient operator: only top-K largest magnitude grad,COMPLETED,76.54,1,True,PASS,PASS,5,1.0,0.0,0.0,1.0,0,0,0,0,0
werr0.60_wrp0.60,0.6,0.4,0.6,0,The algorithm maintains two sequences x_k and y_k. Update: y_k = x_k + beta_k(x_,COMPLETED,92.62,1,True,PASS,PASS,5,1.0,0.0,0.0,1.0,0,0,0,0,0
werr0.60_wrp0.60,0.6,0.4,0.6,1,The algorithm maintains two sequences x_k and y_k. Update: y_k = x_k + beta_k(x_,COMPLETED,66.37,1,True,PASS,PASS,5,1.0,0.0,0.0,1.0,0,0,0,0,0
werr0.60_wrp0.60,0.6,0.4,0.6,2,The algorithm maintains two sequences x_k and y_k. Update: y_k = x_k + beta_k(x_,COMPLETED,64.07,1,True,PASS,PASS,5,1.0,0.0,0.0,1.0,0,0,0,0,0
werr0.60_wrp0.60,0.6,0.4,0.6,3,"The algorithm updates parameters via x_{k+1} = argmin_x { <grad(f)(x_k), x> + (1",COMPLETED,119.63,1,True,PASS,PASS,5,1.0,0.0,0.0,1.0,0,0,0,0,0
werr0.60_wrp0.60,0.6,0.4,0.6,4,"The algorithm updates parameters via x_{k+1} = argmin_x { <grad(f)(x_k), x> + (1",COMPLETED,72.01,1,True,PASS,PASS,5,1.0,0.0,0.0,1.0,0,0,0,0,0
werr0.60_wrp0.60,0.6,0.4,0.6,5,The algorithm uses a double-loop structure. Outer loop updates full gradient. In,COMPLETED,111.91,1,True,PASS,PASS,5,1.0,0.0,0.0,1.0,0,0,0,0,0
werr0.60_wrp0.60,0.6,0.4,0.6,6,The algorithm uses a double-loop structure. Outer loop updates full gradient. In,COMPLETED,57.05,1,True,PASS,PASS,5,1.0,0.0,0.0,1.0,0,0,0,0,0
werr0.60_wrp0.60,0.6,0.4,0.6,7,The algorithm uses a double-loop structure. Outer loop updates full gradient. In,COMPLETED,108.67,1,False,CONDITIONAL,CONDITIONAL,3,0.6,0.0,0.0,1.0,0,0,0,0,0
werr0.60_wrp0.60,0.6,0.4,0.6,8,The algorithm maintains a table of past gradients phi_i. Update: x_{k+1} = x_k -,COMPLETED,111.59,1,True,PASS,PASS,5,0.75,0.0,0.0,1.0,0,1,-1,1,1
werr0.60_wrp0.60,0.6,0.4,0.6,9,The algorithm maintains a table of past gradients phi_i. Update: x_{k+1} = x_k -,COMPLETED,57.49,1,True,PASS,PASS,5,1.0,0.0,0.0,1.0,0,0,0,0,0
werr0.60_wrp0.60,0.6,0.4,0.6,10,The algorithm maintains a recursive variance estimator v_t = (1-alpha)v_{t-1} + ,COMPLETED,100.95,1,True,PASS,PASS,5,1.0,0.0,0.0,1.0,0,0,0,0,0
werr0.60_wrp0.60,0.6,0.4,0.6,11,The algorithm maintains a recursive variance estimator v_t = (1-alpha)v_{t-1} + ,COMPLETED,85.2,1,True,PASS,PASS,5,1.0,0.0,0.0,1.0,0,0,0,0,0
werr0.60_wrp0.60,0.6,0.4,0.6,12,The algorithm maintains exponential moving averages m_t and v_t. Update includes,COMPLETED,320.72,2,True,CONDITIONAL,PASS,5,1.0,1.0,0.0,1.0,0,0,0,0,0
werr0.60_wrp0.60,0.6,0.4,0.6,13,The algorithm maintains exponential moving averages m_t and v_t. Update includes,COMPLETED,115.77,1,False,FAIL,FAIL,2,0.52,0.0,0.0,1.0,0,0,0,0,0
werr0.60_wrp0.60,0.6,0.4,0.6,14,The algorithm updates parameters using only the sign of the gradient: x_{k+1} = ,COMPLETED,62.94,1,True,PASS,PASS,5,1.0,0.0,0.0,1.0,0,0,0,0,0
werr0.60_wrp0.60,0.6,0.4,0.6,15,The algorithm updates parameters using only the sign of the gradient: x_{k+1} = ,COMPLETED,69.43,1,True,PASS,PASS,5,1.0,0.0,0.0,1.0,0,0,0,0,0
werr0.60_wrp0.60,0.6,0.4,0.6,16,The algorithm performs local SGD steps on K clients for E epochs before averagin,COMPLETED,112.56,1,True,PASS,PASS,5,1.0,0.0,0.0,1.0,0,0,0,0,0
werr0.60_wrp0.60,0.6,0.4,0.6,17,The algorithm performs local SGD steps on K clients for E epochs before averagin,COMPLETED,72.93,1,True,PASS,PASS,5,1.0,0.0,0.0,1.0,0,0,0,0,0
werr0.60_wrp0.60,0.6,0.4,0.6,18,The algorithm performs local SGD steps on K clients for E epochs. Clients minimi,COMPLETED,98.73,1,False,FAIL,FAIL,2,0.6,0.0,0.0,1.0,0,0,0,0,0
werr0.60_wrp0.60,0.6,0.4,0.6,19,The algorithm performs local SGD steps on K clients for E epochs. Clients minimi,COMPLETED,85.39,1,False,FAIL,FAIL,2,0.4,0.0,0.0,1.0,0,0,0,0,0
werr0.60_wrp0.60,0.6,0.4,0.6,20,The algorithm updates x_{k+1} = prox_{eta*g}(x_k - eta * grad(f)(x_k)). Proof mu,COMPLETED,45.95,1,True,PASS,PASS,5,1.0,0.0,0.0,1.0,0,0,0,0,0
werr0.60_wrp0.60,0.6,0.4,0.6,21,The algorithm updates x_{k+1} = prox_{eta*g}(x_k - eta * grad(f)(x_k)). Proof mu,COMPLETED,57.86,1,True,PASS,PASS,5,1.0,0.0,0.0,1.0,0,0,0,0,0
werr0.60_wrp0.60,0.6,0.4,0.6,22,The algorithm updates x_{k+1} = prox_{eta*g}(x_k - eta * grad(f)(x_k)). Proof mu,COMPLETED,155.11,1,True,PASS,PASS,5,1.0,0.0,0.0,1.0,0,0,0,0,0
werr0.60_wrp0.60,0.6,0.4,0.6,23,The algorithm updates x_{k+1} = prox_{eta*g}(x_k - eta * grad(f)(x_k)). Proof mu,COMPLETED,54.02,1,True,PASS,PASS,5,1.0,0.0,0.0,1.0,0,0,0,0,0
werr0.60_wrp0.60,0.6,0.4,0.6,24,The algorithm updates x_{k+1} = prox_{eta*g}(x_k - eta * grad(f)(x_k)). Uses mom,COMPLETED,77.56,1,True,PASS_MINOR,PASS_MINOR,4,1.0,0.0,0.0,1.0,0,0,0,0,0
werr0.60_wrp0.60,0.6,0.4,0.6,25,The algorithm updates x_{k+1} = prox_{eta*g}(x_k - eta * grad(f)(x_k)). Uses mom,COMPLETED,65.96,1,True,PASS,PASS,5,1.0,0.0,0.0,1.0,0,0,0,0,0
werr0.60_wrp0.60,0.6,0.4,0.6,26,The algorithm selects coordinate i_k with probability p_i. Update only affects c,COMPLETED,83.96,1,True,PASS,PASS,5,1.0,0.0,0.0,1.0,0,0,0,0,0
werr0.60_wrp0.60,0.6,0.4,0.6,27,The algorithm selects coordinate i_k with probability p_i. Update only affects c,COMPLETED,49.22,1,True,PASS,PASS,5,1.0,0.0,0.0,1.0,0,0,0,0,0
werr0.60_wrp0.60,0.6,0.4,0.6,28,The algorithm selects coordinate i_k with probability p_i. Update only affects c,COMPLETED,82.79,1,True,PASS,PASS,5,1.0,0.0,0.0,1.0,0,0,0,0,0
werr0.60_wrp0.60,0.6,0.4,0.6,29,The algorithm updates x_{k+1} = x_k + beta(x_k - x_{k-1}) - alpha * grad(f)(x_k),COMPLETED,63.97,1,True,PASS,PASS,5,1.0,0.0,0.0,1.0,0,0,0,0,0
werr0.60_wrp0.60,0.6,0.4,0.6,30,The algorithm updates x_{k+1} = x_k + beta(x_k - x_{k-1}) - alpha * grad(f)(x_k),COMPLETED,54.66,1,True,PASS,PASS,5,1.0,0.0,0.0,1.0,0,0,0,0,0
werr0.60_wrp0.60,0.6,0.4,0.6,31,The algorithm solves linear minimization oracle s_k = argmin_{s in C} <grad(f)(x,COMPLETED,50.65,1,True,PASS,PASS,5,1.0,0.0,0.0,1.0,0,0,0,0,0
werr0.60_wrp0.60,0.6,0.4,0.6,32,The algorithm solves linear minimization oracle s_k = argmin_{s in C} <grad(f)(x,COMPLETED,137.15,1,True,PASS,PASS,5,1.0,0.0,0.0,1.0,0,0,0,0,0
werr0.60_wrp0.60,0.6,0.4,0.6,33,The algorithm solves linear minimization oracle s_k = argmin_{s in C} <grad(f)(x,COMPLETED,94.27,1,True,PASS,PASS,5,1.0,0.0,0.0,1.0,0,0,0,0,0
werr0.60_wrp0.60,0.6,0.4,0.6,34,"The algorithm clips gradients: g_t = grad(f)(x_t) / max(1, ||grad(f)(x_t)||/C). ",COMPLETED,98.26,1,True,PASS,PASS,5,1.0,0.0,0.0,1.0,0,0,0,0,0
werr0.60_wrp0.60,0.6,0.4,0.6,35,"The algorithm clips gradients: g_t = grad(f)(x_t) / max(1, ||grad(f)(x_t)||/C). ",COMPLETED,74.47,1,True,PASS_MINOR,PASS_MINOR,4,1.0,0.0,0.0,1.0,0,0,0,0,0
werr0.60_wrp0.60,0.6,0.4,0.6,36,The algorithm uses stochastic Hessian estimates H_t. Update: x_{k+1} = x_t - alp,COMPLETED,93.66,1,True,PASS,PASS,5,1.0,0.0,0.0,1.0,0,0,0,0,0
werr0.60_wrp0.60,0.6,0.4,0.6,37,The algorithm uses stochastic Hessian estimates H_t. Update: x_{k+1} = x_t - alp,COMPLETED,79.8,1,True,PASS_MINOR,PASS_MINOR,4,1.0,0.0,0.0,1.0,0,0,0,0,0
werr0.60_wrp0.60,0.6,0.4,0.6,38,The algorithm maintains dual variables y_k and primal x_k. Updates involve gradi,COMPLETED,79.15,1,True,PASS,PASS,5,1.0,0.0,0.0,1.0,0,0,0,0,0
werr0.60_wrp0.60,0.6,0.4,0.6,39,The algorithm maintains dual variables y_k and primal x_k. Updates involve gradi,COMPLETED,79.11,1,True,PASS,PASS,5,1.0,0.0,0.0,1.0,0,0,0,0,0
werr0.60_wrp0.60,0.6,0.4,0.6,40,"The algorithm minimizes max_x min_y L(x,y). Updates x via gradient ascent and y ",COMPLETED,59.4,1,True,PASS,PASS,5,1.0,0.0,0.0,1.0,0,0,0,0,0
werr0.60_wrp0.60,0.6,0.4,0.6,41,"The algorithm minimizes max_x min_y L(x,y). Updates x via gradient ascent and y ",COMPLETED,112.89,1,True,PASS_MINOR,PASS_MINOR,4,0.8,0.0,0.0,1.0,0,0,0,0,0
werr0.60_wrp0.60,0.6,0.4,0.6,42,"The algorithm minimizes max_x min_y L(x,y). Uses extra gradient step: x_{k+1/2} ",COMPLETED,65.68,1,True,PASS,PASS,5,1.0,0.0,0.0,1.0,0,0,0,0,0
werr0.60_wrp0.60,0.6,0.4,0.6,43,"The algorithm minimizes max_x min_y L(x,y). Uses optimistic update: uses gradien",COMPLETED,90.04,1,True,PASS,PASS,5,1.0,0.0,0.0,1.0,0,0,0,0,0
werr0.60_wrp0.60,0.6,0.4,0.6,44,The algorithm adds Gaussian noise to gradients at each step: g_t = grad(f)(x_t) ,COMPLETED,101.01,1,True,PASS_MINOR,PASS_MINOR,4,1.0,0.0,0.0,1.0,0,0,0,0,0
werr0.60_wrp0.60,0.6,0.4,0.6,45,The algorithm adds Gaussian noise to gradients at each step: g_t = grad(f)(x_t) ,COMPLETED,66.43,1,True,PASS_MINOR,PASS_MINOR,4,0.88,0.0,0.0,1.0,0,0,0,0,0
werr0.60_wrp0.60,0.6,0.4,0.6,46,The algorithm maintains a running average of gradients A_k = sum_{i=1}^k g_i. St,COMPLETED,120.99,1,True,PASS_MINOR,PASS_MINOR,4,0.54,0.0,0.0,1.0,0,1,-1,1,1
werr0.60_wrp0.60,0.6,0.4,0.6,47,The algorithm maintains a running average of gradients A_k = sum_{i=1}^k g_i. St,COMPLETED,191.43,2,True,FAIL,PASS,5,1.0,1.0,0.0,1.0,1,0,1,2,0
werr0.60_wrp0.60,0.6,0.4,0.6,48,The algorithm maintains a running average of squared gradients v_t = beta * v_{t,COMPLETED,73.48,1,True,PASS,PASS,5,1.0,0.0,0.0,1.0,0,0,0,0,0
werr0.60_wrp0.60,0.6,0.4,0.6,49,The algorithm uses a trust region constraint ||x - x_k|| <= Delta. Solves subpro,COMPLETED,116.37,1,True,PASS,PASS,5,1.0,0.0,0.0,1.0,0,0,0,0,0
werr0.60_wrp0.60,0.6,0.4,0.6,50,The algorithm uses a trust region constraint ||x - x_k|| <= Delta. Solves subpro,COMPLETED,61.23,1,True,PASS,PASS,5,1.0,0.0,0.0,1.0,0,0,0,0,0
werr0.60_wrp0.60,0.6,0.4,0.6,51,The algorithm updates x_{k+1} = x_k - alpha * grad(f)(x_k) + noise_k. Noise vari,COMPLETED,109.19,1,True,PASS_MINOR,PASS_MINOR,4,0.8,0.0,0.0,1.0,0,0,0,0,0
werr0.60_wrp0.60,0.6,0.4,0.6,52,The algorithm updates x_{k+1} = x_k - alpha * grad(f)(x_k) + noise_k. Noise vari,COMPLETED,74.28,1,True,PASS,PASS,5,1.0,0.0,0.0,1.0,0,0,0,0,0
werr0.60_wrp0.60,0.6,0.4,0.6,53,The algorithm maintains a snapshot of weights every k steps. Uses interpolation ,COMPLETED,70.9,1,True,PASS_MINOR,PASS_MINOR,4,1.0,0.0,0.0,1.0,0,0,0,0,0
werr0.60_wrp0.60,0.6,0.4,0.6,54,The algorithm uses a cyclic learning rate schedule. Step size varies between eta,COMPLETED,491.37,3,True,FAIL,PASS,5,1.0,1.0,0.0,1.0,0,0,0,4,0
werr0.60_wrp0.60,0.6,0.4,0.6,55,The algorithm uses a warm restart schedule. Step size resets to eta_max every M ,COMPLETED,53.07,1,True,PASS,PASS,5,1.0,0.0,0.0,1.0,0,0,0,0,0
werr0.60_wrp0.60,0.6,0.4,0.6,56,The algorithm selects a random subset of coordinates at each step (block coordin,COMPLETED,130.81,1,True,PASS,PASS,5,1.0,0.0,0.0,1.0,0,0,0,0,0
werr0.60_wrp0.60,0.6,0.4,0.6,57,The algorithm selects a random subset of coordinates at each step (block coordin,COMPLETED,100.47,1,True,PASS,PASS,5,1.0,0.0,0.0,1.0,0,0,0,0,0
werr0.60_wrp0.60,0.6,0.4,0.6,58,The algorithm uses a quantized gradient operator Q(g) such that E[Q(g)] = g. Com,COMPLETED,54.38,1,True,PASS,PASS,5,1.0,0.0,0.0,1.0,0,0,0,0,0
werr0.60_wrp0.60,0.6,0.4,0.6,59,The algorithm uses a quantized gradient operator Q(g) such that E[Q(g)] = g. Com,COMPLETED,74.99,1,True,PASS,PASS,5,1.0,0.0,0.0,1.0,0,0,0,0,0
werr0.60_wrp0.60,0.6,0.4,0.6,60,The algorithm uses error feedback: stores quantization error e_k and adds it to ,COMPLETED,89.45,1,True,PASS,PASS,5,1.0,0.0,0.0,1.0,0,0,0,0,0
werr0.60_wrp0.60,0.6,0.4,0.6,61,The algorithm uses a sparse gradient operator: only top-K largest magnitude grad,COMPLETED,74.26,1,True,PASS,PASS,5,1.0,0.0,0.0,1.0,0,0,0,0,0
werr0.60_wrp0.60,0.6,0.4,0.6,62,The algorithm uses a sparse gradient operator: only top-K largest magnitude grad,COMPLETED,108.27,1,True,PASS,PASS,5,1.0,0.0,0.0,1.0,0,0,0,0,0
werr0.60_wrp0.80,0.6,0.4,0.8,0,The algorithm maintains two sequences x_k and y_k. Update: y_k = x_k + beta_k(x_,COMPLETED,73.39,1,True,PASS_MINOR,PASS_MINOR,4,0.88,0.0,0.0,1.0,0,0,0,0,0
werr0.60_wrp0.80,0.6,0.4,0.8,1,The algorithm maintains two sequences x_k and y_k. Update: y_k = x_k + beta_k(x_,COMPLETED,74.69,1,True,PASS,PASS,5,1.0,0.0,0.0,1.0,0,0,0,0,0
werr0.60_wrp0.80,0.6,0.4,0.8,2,The algorithm maintains two sequences x_k and y_k. Update: y_k = x_k + beta_k(x_,COMPLETED,87.24,1,True,PASS,PASS,5,1.0,0.0,0.0,1.0,0,0,0,0,0
werr0.60_wrp0.80,0.6,0.4,0.8,3,"The algorithm updates parameters via x_{k+1} = argmin_x { <grad(f)(x_k), x> + (1",COMPLETED,69.62,1,True,PASS,PASS,5,1.0,0.0,0.0,1.0,0,0,0,0,0
werr0.60_wrp0.80,0.6,0.4,0.8,4,"The algorithm updates parameters via x_{k+1} = argmin_x { <grad(f)(x_k), x> + (1",COMPLETED,274.44,2,True,FAIL,PASS,5,1.0,1.0,0.0,1.0,2,0,2,4,0
werr0.60_wrp0.80,0.6,0.4,0.8,5,The algorithm uses a double-loop structure. Outer loop updates full gradient. In,COMPLETED,102.17,1,True,PASS,PASS,5,1.0,0.0,0.0,1.0,0,0,0,0,0
werr0.60_wrp0.80,0.6,0.4,0.8,6,The algorithm uses a double-loop structure. Outer loop updates full gradient. In,COMPLETED,107.74,1,True,PASS,PASS,5,1.0,0.0,0.0,1.0,0,0,0,0,0
werr0.60_wrp0.80,0.6,0.4,0.8,7,The algorithm uses a double-loop structure. Outer loop updates full gradient. In,COMPLETED,74.43,1,True,PASS,PASS,5,1.0,0.0,0.0,1.0,0,0,0,0,0
werr0.60_wrp0.80,0.6,0.4,0.8,8,The algorithm maintains a table of past gradients phi_i. Update: x_{k+1} = x_k -,COMPLETED,57.3,1,True,PASS,PASS,5,1.0,0.0,0.0,1.0,0,0,0,0,0
werr0.60_wrp0.80,0.6,0.4,0.8,9,The algorithm maintains a table of past gradients phi_i. Update: x_{k+1} = x_k -,COMPLETED,175.59,1,True,PASS,PASS,5,1.0,0.0,0.0,1.0,0,0,0,0,0
werr0.60_wrp0.80,0.6,0.4,0.8,10,The algorithm maintains a recursive variance estimator v_t = (1-alpha)v_{t-1} + ,COMPLETED,208.16,2,True,FAIL,PASS,5,1.0,1.0,0.0,1.0,1,0,1,1,0
werr0.60_wrp0.80,0.6,0.4,0.8,11,The algorithm maintains a recursive variance estimator v_t = (1-alpha)v_{t-1} + ,COMPLETED,97.38,1,True,PASS,PASS,5,1.0,0.0,0.0,1.0,0,0,0,0,0
werr0.60_wrp0.80,0.6,0.4,0.8,12,The algorithm maintains exponential moving averages m_t and v_t. Update includes,COMPLETED,98.48,1,True,PASS,PASS,5,1.0,0.0,0.0,1.0,0,0,0,0,0
werr0.60_wrp0.80,0.6,0.4,0.8,13,The algorithm maintains exponential moving averages m_t and v_t. Update includes,COMPLETED,137.23,1,True,PASS_MINOR,PASS_MINOR,4,0.88,0.0,0.0,1.0,0,0,0,0,0
werr0.60_wrp0.80,0.6,0.4,0.8,14,The algorithm updates parameters using only the sign of the gradient: x_{k+1} = ,COMPLETED,248.48,2,True,FAIL,PASS,5,1.0,1.0,0.0,1.0,2,0,2,4,0
werr0.60_wrp0.80,0.6,0.4,0.8,15,The algorithm updates parameters using only the sign of the gradient: x_{k+1} = ,COMPLETED,65.84,1,True,PASS,PASS,5,1.0,0.0,0.0,1.0,0,0,0,0,0
werr0.60_wrp0.80,0.6,0.4,0.8,16,The algorithm performs local SGD steps on K clients for E epochs before averagin,COMPLETED,203.73,1,True,PASS,PASS,5,0.88,0.0,0.0,1.0,0,0,0,0,0
werr0.60_wrp0.80,0.6,0.4,0.8,17,The algorithm performs local SGD steps on K clients for E epochs before averagin,COMPLETED,119.18,1,True,PASS,PASS,5,1.0,0.0,0.0,1.0,0,0,0,0,0
werr0.60_wrp0.80,0.6,0.4,0.8,18,The algorithm performs local SGD steps on K clients for E epochs. Clients minimi,COMPLETED,95.97,1,True,PASS_MINOR,PASS_MINOR,4,0.5333,0.0,0.0,1.0,0,2,-2,2,2
werr0.60_wrp0.80,0.6,0.4,0.8,19,The algorithm performs local SGD steps on K clients for E epochs. Clients minimi,COMPLETED,83.2,1,False,FAIL,FAIL,2,0.4,0.0,0.0,1.0,0,0,0,0,0
werr0.60_wrp0.80,0.6,0.4,0.8,20,The algorithm updates x_{k+1} = prox_{eta*g}(x_k - eta * grad(f)(x_k)). Proof mu,COMPLETED,51.82,1,True,PASS,PASS,5,1.0,0.0,0.0,1.0,0,0,0,0,0
werr0.60_wrp0.80,0.6,0.4,0.8,21,The algorithm updates x_{k+1} = prox_{eta*g}(x_k - eta * grad(f)(x_k)). Proof mu,COMPLETED,121.73,1,True,PASS,PASS,5,1.0,0.0,0.0,1.0,0,0,0,0,0
werr0.60_wrp0.80,0.6,0.4,0.8,22,The algorithm updates x_{k+1} = prox_{eta*g}(x_k - eta * grad(f)(x_k)). Proof mu,COMPLETED,66.76,1,True,PASS,PASS,5,1.0,0.0,0.0,1.0,0,0,0,0,0
werr0.60_wrp0.80,0.6,0.4,0.8,23,The algorithm updates x_{k+1} = prox_{eta*g}(x_k - eta * grad(f)(x_k)). Proof mu,COMPLETED,60.08,1,True,PASS,PASS,5,1.0,0.0,0.0,1.0,0,0,0,0,0
werr0.60_wrp0.80,0.6,0.4,0.8,24,The algorithm updates x_{k+1} = prox_{eta*g}(x_k - eta * grad(f)(x_k)). Uses mom,COMPLETED,67.42,1,True,PASS,PASS,5,1.0,0.0,0.0,1.0,0,0,0,0,0
werr0.60_wrp0.80,0.6,0.4,0.8,25,The algorithm updates x_{k+1} = prox_{eta*g}(x_k - eta * grad(f)(x_k)). Uses mom,COMPLETED,90.61,1,True,PASS,PASS,5,1.0,0.0,0.0,1.0,0,0,0,0,0
werr0.60_wrp0.80,0.6,0.4,0.8,26,The algorithm selects coordinate i_k with probability p_i. Update only affects c,COMPLETED,82.47,1,True,PASS,PASS,5,1.0,0.0,0.0,1.0,0,0,0,0,0
werr0.60_wrp0.80,0.6,0.4,0.8,27,The algorithm selects coordinate i_k with probability p_i. Update only affects c,COMPLETED,87.21,1,True,PASS_MINOR,PASS_MINOR,4,0.88,0.0,0.0,1.0,0,0,0,0,0
werr0.60_wrp0.80,0.6,0.4,0.8,28,The algorithm selects coordinate i_k with probability p_i. Update only affects c,COMPLETED,153.61,1,True,PASS,PASS,5,1.0,0.0,0.0,1.0,0,0,0,0,0
werr0.60_wrp0.80,0.6,0.4,0.8,29,The algorithm updates x_{k+1} = x_k + beta(x_k - x_{k-1}) - alpha * grad(f)(x_k),COMPLETED,87.14,1,True,PASS,PASS,5,1.0,0.0,0.0,1.0,0,0,0,0,0
werr0.60_wrp0.80,0.6,0.4,0.8,30,The algorithm updates x_{k+1} = x_k + beta(x_k - x_{k-1}) - alpha * grad(f)(x_k),COMPLETED,111.45,1,True,PASS,PASS,5,1.0,0.0,0.0,1.0,0,0,0,0,0
werr0.60_wrp0.80,0.6,0.4,0.8,31,The algorithm solves linear minimization oracle s_k = argmin_{s in C} <grad(f)(x,COMPLETED,53.02,1,True,PASS,PASS,5,1.0,0.0,0.0,1.0,0,0,0,0,0
werr0.60_wrp0.80,0.6,0.4,0.8,32,The algorithm solves linear minimization oracle s_k = argmin_{s in C} <grad(f)(x,COMPLETED,190.44,1,True,PASS,PASS,5,1.0,0.0,0.0,1.0,0,0,0,0,0
werr0.60_wrp0.80,0.6,0.4,0.8,33,The algorithm solves linear minimization oracle s_k = argmin_{s in C} <grad(f)(x,COMPLETED,93.61,1,True,PASS,PASS,5,1.0,0.0,0.0,1.0,0,0,0,0,0
werr0.60_wrp0.80,0.6,0.4,0.8,34,"The algorithm clips gradients: g_t = grad(f)(x_t) / max(1, ||grad(f)(x_t)||/C). ",COMPLETED,130.66,1,True,PASS,PASS,5,1.0,0.0,0.0,1.0,0,0,0,0,0
werr0.60_wrp0.80,0.6,0.4,0.8,35,"The algorithm clips gradients: g_t = grad(f)(x_t) / max(1, ||grad(f)(x_t)||/C). ",COMPLETED,72.38,1,True,PASS,PASS,5,1.0,0.0,0.0,1.0,0,0,0,0,0
werr0.60_wrp0.80,0.6,0.4,0.8,36,The algorithm uses stochastic Hessian estimates H_t. Update: x_{k+1} = x_t - alp,COMPLETED,255.93,2,True,FAIL,PASS,5,1.0,1.0,0.0,1.0,0,0,0,0,0
werr0.60_wrp0.80,0.6,0.4,0.8,37,The algorithm uses stochastic Hessian estimates H_t. Update: x_{k+1} = x_t - alp,COMPLETED,64.26,1,True,PASS_MINOR,PASS_MINOR,4,0.6,0.0,0.0,1.0,0,1,-1,1,1
werr0.60_wrp0.80,0.6,0.4,0.8,38,The algorithm maintains dual variables y_k and primal x_k. Updates involve gradi,COMPLETED,82.57,1,True,PASS,PASS,5,1.0,0.0,0.0,1.0,0,0,0,0,0
werr0.60_wrp0.80,0.6,0.4,0.8,39,The algorithm maintains dual variables y_k and primal x_k. Updates involve gradi,COMPLETED,72.18,1,True,PASS,PASS,5,1.0,0.0,0.0,1.0,0,0,0,0,0
werr0.60_wrp0.80,0.6,0.4,0.8,40,"The algorithm minimizes max_x min_y L(x,y). Updates x via gradient ascent and y ",COMPLETED,74.08,1,True,PASS,PASS,5,1.0,0.0,0.0,1.0,0,0,0,0,0
werr0.60_wrp0.80,0.6,0.4,0.8,41,"The algorithm minimizes max_x min_y L(x,y). Updates x via gradient ascent and y ",COMPLETED,71.17,1,False,FAIL,FAIL,2,0.52,0.0,0.0,1.0,0,0,0,0,0
werr0.60_wrp0.80,0.6,0.4,0.8,42,"The algorithm minimizes max_x min_y L(x,y). Uses extra gradient step: x_{k+1/2} ",COMPLETED,120.47,1,True,PASS,PASS,5,1.0,0.0,0.0,1.0,0,0,0,0,0
werr0.60_wrp0.80,0.6,0.4,0.8,43,"The algorithm minimizes max_x min_y L(x,y). Uses optimistic update: uses gradien",COMPLETED,68.11,1,True,PASS_MINOR,PASS_MINOR,4,1.0,0.0,0.0,1.0,0,0,0,0,0
werr0.60_wrp0.80,0.6,0.4,0.8,44,The algorithm adds Gaussian noise to gradients at each step: g_t = grad(f)(x_t) ,COMPLETED,64.74,1,True,PASS_MINOR,PASS_MINOR,4,1.0,0.0,0.0,1.0,0,0,0,0,0
werr0.60_wrp0.80,0.6,0.4,0.8,45,The algorithm adds Gaussian noise to gradients at each step: g_t = grad(f)(x_t) ,COMPLETED,77.74,1,True,PASS,PASS,5,1.0,0.0,0.0,1.0,0,0,0,0,0
werr0.60_wrp0.80,0.6,0.4,0.8,46,The algorithm maintains a running average of gradients A_k = sum_{i=1}^k g_i. St,COMPLETED,119.29,1,True,PASS,PASS,5,1.0,0.0,0.0,1.0,0,0,0,0,0
werr0.60_wrp0.80,0.6,0.4,0.8,47,The algorithm maintains a running average of gradients A_k = sum_{i=1}^k g_i. St,COMPLETED,112.31,1,True,PASS_MINOR,PASS_MINOR,4,0.88,0.0,0.0,1.0,0,0,0,0,0
werr0.60_wrp0.80,0.6,0.4,0.8,48,The algorithm maintains a running average of squared gradients v_t = beta * v_{t,COMPLETED,248.87,2,True,CONDITIONAL,PASS,5,1.0,1.0,0.0,1.0,1,0,1,1,0
werr0.60_wrp0.80,0.6,0.4,0.8,49,The algorithm uses a trust region constraint ||x - x_k|| <= Delta. Solves subpro,COMPLETED,67.84,1,True,PASS,PASS,5,1.0,0.0,0.0,1.0,0,0,0,0,0
werr0.60_wrp0.80,0.6,0.4,0.8,50,The algorithm uses a trust region constraint ||x - x_k|| <= Delta. Solves subpro,COMPLETED,69.19,1,True,PASS,PASS,5,1.0,0.0,0.0,1.0,0,0,0,0,0
werr0.60_wrp0.80,0.6,0.4,0.8,51,The algorithm updates x_{k+1} = x_k - alpha * grad(f)(x_k) + noise_k. Noise vari,COMPLETED,77.63,1,True,PASS,PASS,5,1.0,0.0,0.0,1.0,0,0,0,0,0
werr0.60_wrp0.80,0.6,0.4,0.8,52,The algorithm updates x_{k+1} = x_k - alpha * grad(f)(x_k) + noise_k. Noise vari,COMPLETED,172.36,2,True,CONDITIONAL,PASS,5,1.0,1.0,0.0,1.0,2,0,2,3,0
werr0.60_wrp0.80,0.6,0.4,0.8,53,The algorithm maintains a snapshot of weights every k steps. Uses interpolation ,COMPLETED,91.31,1,True,PASS,PASS,5,1.0,0.0,0.0,1.0,0,0,0,0,0
werr0.60_wrp0.80,0.6,0.4,0.8,54,The algorithm uses a cyclic learning rate schedule. Step size varies between eta,COMPLETED,75.64,1,True,PASS,PASS,5,1.0,0.0,0.0,1.0,0,0,0,0,0
werr0.60_wrp0.80,0.6,0.4,0.8,55,The algorithm uses a warm restart schedule. Step size resets to eta_max every M ,COMPLETED,156.05,2,True,CONDITIONAL,PASS,5,1.0,1.0,0.0,1.0,1,0,1,3,0
werr0.60_wrp0.80,0.6,0.4,0.8,56,The algorithm selects a random subset of coordinates at each step (block coordin,COMPLETED,65.05,1,True,PASS,PASS,5,1.0,0.0,0.0,1.0,0,0,0,0,0
werr0.60_wrp0.80,0.6,0.4,0.8,57,The algorithm selects a random subset of coordinates at each step (block coordin,COMPLETED,70.08,1,True,PASS_MINOR,PASS_MINOR,4,1.0,0.0,0.0,1.0,0,0,0,0,0
werr0.60_wrp0.80,0.6,0.4,0.8,58,The algorithm uses a quantized gradient operator Q(g) such that E[Q(g)] = g. Com,COMPLETED,67.9,1,True,PASS,PASS,5,1.0,0.0,0.0,1.0,0,0,0,0,0
werr0.60_wrp0.80,0.6,0.4,0.8,59,The algorithm uses a quantized gradient operator Q(g) such that E[Q(g)] = g. Com,COMPLETED,78.21,1,True,PASS,PASS,5,1.0,0.0,0.0,1.0,0,0,0,0,0
werr0.60_wrp0.80,0.6,0.4,0.8,60,The algorithm uses error feedback: stores quantization error e_k and adds it to ,COMPLETED,83.31,1,True,PASS,PASS,5,1.0,0.0,0.0,1.0,0,0,0,0,0
werr0.60_wrp0.80,0.6,0.4,0.8,61,The algorithm uses a sparse gradient operator: only top-K largest magnitude grad,COMPLETED,188.51,1,True,PASS,PASS,5,1.0,0.0,0.0,1.0,0,0,0,0,0
werr0.60_wrp0.80,0.6,0.4,0.8,62,The algorithm uses a sparse gradient operator: only top-K largest magnitude grad,COMPLETED,128.71,1,True,PASS,PASS,5,1.0,0.0,0.0,1.0,0,0,0,0,0
werr0.80_wrp0.00,0.8,0.2,0.0,0,The algorithm maintains two sequences x_k and y_k. Update: y_k = x_k + beta_k(x_,COMPLETED,114.84,1,True,PASS_MINOR,PASS_MINOR,4,0.66,0.0,0.0,1.0,0,1,-1,1,1
werr0.80_wrp0.00,0.8,0.2,0.0,1,The algorithm maintains two sequences x_k and y_k. Update: y_k = x_k + beta_k(x_,COMPLETED,84.58,1,True,PASS,PASS,5,1.0,0.0,0.0,1.0,0,0,0,0,0
werr0.80_wrp0.00,0.8,0.2,0.0,2,The algorithm maintains two sequences x_k and y_k. Update: y_k = x_k + beta_k(x_,COMPLETED,93.1,1,True,PASS,PASS,5,1.0,0.0,0.0,1.0,0,0,0,0,0
werr0.80_wrp0.00,0.8,0.2,0.0,3,"The algorithm updates parameters via x_{k+1} = argmin_x { <grad(f)(x_k), x> + (1",COMPLETED,70.65,1,True,PASS,PASS,5,1.0,0.0,0.0,1.0,0,0,0,0,0
werr0.80_wrp0.00,0.8,0.2,0.0,4,"The algorithm updates parameters via x_{k+1} = argmin_x { <grad(f)(x_k), x> + (1",COMPLETED,281.81,2,True,CONDITIONAL,PASS,5,1.0,1.0,0.0,1.0,1,0,1,1,0
werr0.80_wrp0.00,0.8,0.2,0.0,5,The algorithm uses a double-loop structure. Outer loop updates full gradient. In,COMPLETED,104.29,1,True,PASS,PASS,5,1.0,0.0,0.0,1.0,0,0,0,0,0
werr0.80_wrp0.00,0.8,0.2,0.0,6,The algorithm uses a double-loop structure. Outer loop updates full gradient. In,COMPLETED,112.79,1,True,PASS,PASS,5,1.0,0.0,0.0,1.0,0,0,0,0,0
werr0.80_wrp0.00,0.8,0.2,0.0,7,The algorithm uses a double-loop structure. Outer loop updates full gradient. In,COMPLETED,75.52,1,True,PASS,PASS,5,1.0,0.0,0.0,1.0,0,0,0,0,0
werr0.80_wrp0.00,0.8,0.2,0.0,8,The algorithm maintains a table of past gradients phi_i. Update: x_{k+1} = x_k -,COMPLETED,96.78,1,True,PASS,PASS,5,1.0,0.0,0.0,1.0,0,0,0,0,0
werr0.80_wrp0.00,0.8,0.2,0.0,9,The algorithm maintains a table of past gradients phi_i. Update: x_{k+1} = x_k -,COMPLETED,84.98,1,True,PASS,PASS,5,1.0,0.0,0.0,1.0,0,0,0,0,0
werr0.80_wrp0.00,0.8,0.2,0.0,10,The algorithm maintains a recursive variance estimator v_t = (1-alpha)v_{t-1} + ,COMPLETED,230.71,2,True,FAIL,PASS,5,1.0,1.0,0.0,1.0,1,0,1,1,0
werr0.80_wrp0.00,0.8,0.2,0.0,11,The algorithm maintains a recursive variance estimator v_t = (1-alpha)v_{t-1} + ,COMPLETED,71.02,1,True,PASS,PASS,5,1.0,0.0,0.0,1.0,0,0,0,0,0
werr0.80_wrp0.00,0.8,0.2,0.0,12,The algorithm maintains exponential moving averages m_t and v_t. Update includes,COMPLETED,86.06,1,True,PASS_MINOR,PASS_MINOR,4,0.88,0.0,0.0,1.0,0,0,0,0,0
werr0.80_wrp0.00,0.8,0.2,0.0,13,The algorithm maintains exponential moving averages m_t and v_t. Update includes,COMPLETED,70.39,1,True,PASS,PASS,5,1.0,0.0,0.0,1.0,0,0,0,0,0
werr0.80_wrp0.00,0.8,0.2,0.0,14,The algorithm updates parameters using only the sign of the gradient: x_{k+1} = ,COMPLETED,296.57,1,True,PASS,PASS,5,1.0,0.0,0.0,1.0,0,0,0,0,0
werr0.80_wrp0.00,0.8,0.2,0.0,15,The algorithm updates parameters using only the sign of the gradient: x_{k+1} = ,COMPLETED,77.79,1,True,PASS,PASS,5,1.0,0.0,0.0,1.0,0,0,0,0,0
werr0.80_wrp0.00,0.8,0.2,0.0,16,The algorithm performs local SGD steps on K clients for E epochs before averagin,COMPLETED,117.73,1,True,PASS,PASS,5,1.0,0.0,0.0,1.0,0,0,0,0,0
werr0.80_wrp0.00,0.8,0.2,0.0,17,The algorithm performs local SGD steps on K clients for E epochs before averagin,COMPLETED,83.51,1,True,PASS,PASS,5,1.0,0.0,0.0,1.0,0,0,0,0,0
werr0.80_wrp0.00,0.8,0.2,0.0,18,The algorithm performs local SGD steps on K clients for E epochs. Clients minimi,COMPLETED,92.33,1,True,PASS,PASS,5,1.0,0.0,0.0,1.0,0,0,0,0,0
werr0.80_wrp0.00,0.8,0.2,0.0,19,The algorithm performs local SGD steps on K clients for E epochs. Clients minimi,COMPLETED,160.55,1,True,PASS_MINOR,PASS_MINOR,4,0.8,0.0,0.0,1.0,0,0,0,0,0
werr0.80_wrp0.00,0.8,0.2,0.0,20,The algorithm updates x_{k+1} = prox_{eta*g}(x_k - eta * grad(f)(x_k)). Proof mu,COMPLETED,80.87,1,True,PASS,PASS,5,1.0,0.0,0.0,1.0,0,0,0,0,0
werr0.80_wrp0.00,0.8,0.2,0.0,21,The algorithm updates x_{k+1} = prox_{eta*g}(x_k - eta * grad(f)(x_k)). Proof mu,COMPLETED,68.12,1,True,PASS,PASS,5,1.0,0.0,0.0,1.0,0,0,0,0,0
werr0.80_wrp0.00,0.8,0.2,0.0,22,The algorithm updates x_{k+1} = prox_{eta*g}(x_k - eta * grad(f)(x_k)). Proof mu,COMPLETED,68.33,1,True,PASS,PASS,5,1.0,0.0,0.0,1.0,0,0,0,0,0
werr0.80_wrp0.00,0.8,0.2,0.0,23,The algorithm updates x_{k+1} = prox_{eta*g}(x_k - eta * grad(f)(x_k)). Proof mu,COMPLETED,71.32,1,True,PASS,PASS,5,1.0,0.0,0.0,1.0,0,0,0,0,0
werr0.80_wrp0.00,0.8,0.2,0.0,24,The algorithm updates x_{k+1} = prox_{eta*g}(x_k - eta * grad(f)(x_k)). Uses mom,COMPLETED,80.84,1,True,PASS,PASS,5,1.0,0.0,0.0,1.0,0,0,0,0,0
werr0.80_wrp0.00,0.8,0.2,0.0,25,The algorithm updates x_{k+1} = prox_{eta*g}(x_k - eta * grad(f)(x_k)). Uses mom,COMPLETED,77.7,1,True,PASS,PASS,5,1.0,0.0,0.0,1.0,0,0,0,0,0
werr0.80_wrp0.00,0.8,0.2,0.0,26,The algorithm selects coordinate i_k with probability p_i. Update only affects c,COMPLETED,82.74,1,True,PASS,PASS,5,1.0,0.0,0.0,1.0,0,0,0,0,0
werr0.80_wrp0.00,0.8,0.2,0.0,27,The algorithm selects coordinate i_k with probability p_i. Update only affects c,COMPLETED,74.98,1,True,PASS,PASS,5,1.0,0.0,0.0,1.0,0,0,0,0,0
werr0.80_wrp0.00,0.8,0.2,0.0,28,The algorithm selects coordinate i_k with probability p_i. Update only affects c,COMPLETED,79.41,1,True,PASS,PASS,5,1.0,0.0,0.0,1.0,0,0,0,0,0
werr0.80_wrp0.00,0.8,0.2,0.0,29,The algorithm updates x_{k+1} = x_k + beta(x_k - x_{k-1}) - alpha * grad(f)(x_k),COMPLETED,115.13,1,True,PASS,PASS,5,1.0,0.0,0.0,1.0,0,0,0,0,0
werr0.80_wrp0.00,0.8,0.2,0.0,30,The algorithm updates x_{k+1} = x_k + beta(x_k - x_{k-1}) - alpha * grad(f)(x_k),COMPLETED,146.62,1,True,PASS,PASS,5,1.0,0.0,0.0,1.0,0,0,0,0,0
werr0.80_wrp0.00,0.8,0.2,0.0,31,The algorithm solves linear minimization oracle s_k = argmin_{s in C} <grad(f)(x,COMPLETED,67.87,1,True,PASS,PASS,5,1.0,0.0,0.0,1.0,0,0,0,0,0
werr0.80_wrp0.00,0.8,0.2,0.0,32,The algorithm solves linear minimization oracle s_k = argmin_{s in C} <grad(f)(x,COMPLETED,76.88,1,True,PASS_MINOR,PASS_MINOR,4,0.8,0.0,0.0,1.0,0,0,0,0,0
werr0.80_wrp0.00,0.8,0.2,0.0,33,The algorithm solves linear minimization oracle s_k = argmin_{s in C} <grad(f)(x,COMPLETED,90.46,1,True,PASS,PASS,5,1.0,0.0,0.0,1.0,0,0,0,0,0
werr0.80_wrp0.00,0.8,0.2,0.0,34,"The algorithm clips gradients: g_t = grad(f)(x_t) / max(1, ||grad(f)(x_t)||/C). ",COMPLETED,177.45,1,True,PASS,PASS,5,1.0,0.0,0.0,1.0,0,0,0,0,0
werr0.80_wrp0.00,0.8,0.2,0.0,35,"The algorithm clips gradients: g_t = grad(f)(x_t) / max(1, ||grad(f)(x_t)||/C). ",COMPLETED,81.46,1,True,PASS,PASS,5,1.0,0.0,0.0,1.0,0,0,0,0,0
werr0.80_wrp0.00,0.8,0.2,0.0,36,The algorithm uses stochastic Hessian estimates H_t. Update: x_{k+1} = x_t - alp,COMPLETED,82.29,1,True,PASS,PASS,5,1.0,0.0,0.0,1.0,0,0,0,0,0
werr0.80_wrp0.00,0.8,0.2,0.0,37,The algorithm uses stochastic Hessian estimates H_t. Update: x_{k+1} = x_t - alp,COMPLETED,93.11,1,True,PASS_MINOR,PASS_MINOR,4,0.5333,0.0,0.0,1.0,0,2,-2,2,2
werr0.80_wrp0.00,0.8,0.2,0.0,38,The algorithm maintains dual variables y_k and primal x_k. Updates involve gradi,COMPLETED,114.81,1,True,PASS,PASS,5,1.0,0.0,0.0,1.0,0,0,0,0,0
werr0.80_wrp0.00,0.8,0.2,0.0,39,The algorithm maintains dual variables y_k and primal x_k. Updates involve gradi,COMPLETED,87.34,1,True,PASS_MINOR,PASS_MINOR,4,0.8,0.0,0.0,1.0,0,0,0,0,0
werr0.80_wrp0.00,0.8,0.2,0.0,40,"The algorithm minimizes max_x min_y L(x,y). Updates x via gradient ascent and y ",COMPLETED,68.49,1,True,PASS,PASS,5,1.0,0.0,0.0,1.0,0,0,0,0,0
werr0.80_wrp0.00,0.8,0.2,0.0,41,"The algorithm minimizes max_x min_y L(x,y). Updates x via gradient ascent and y ",COMPLETED,97.65,1,True,PASS_MINOR,PASS_MINOR,4,0.8,0.0,0.0,1.0,0,0,0,0,0
werr0.80_wrp0.00,0.8,0.2,0.0,42,"The algorithm minimizes max_x min_y L(x,y). Uses extra gradient step: x_{k+1/2} ",COMPLETED,89.03,1,True,PASS,PASS,5,1.0,0.0,0.0,1.0,0,0,0,0,0
werr0.80_wrp0.00,0.8,0.2,0.0,43,"The algorithm minimizes max_x min_y L(x,y). Uses optimistic update: uses gradien",COMPLETED,115.73,1,True,PASS_MINOR,PASS_MINOR,4,0.8,0.0,0.0,1.0,0,0,0,0,0
werr0.80_wrp0.00,0.8,0.2,0.0,44,The algorithm adds Gaussian noise to gradients at each step: g_t = grad(f)(x_t) ,COMPLETED,66.6,1,True,PASS_MINOR,PASS_MINOR,4,1.0,0.0,0.0,1.0,0,0,0,0,0
werr0.80_wrp0.00,0.8,0.2,0.0,45,The algorithm adds Gaussian noise to gradients at each step: g_t = grad(f)(x_t) ,COMPLETED,92.85,1,True,PASS,PASS,5,1.0,0.0,0.0,1.0,0,0,0,0,0
werr0.80_wrp0.00,0.8,0.2,0.0,46,The algorithm maintains a running average of gradients A_k = sum_{i=1}^k g_i. St,COMPLETED,178.48,1,True,PASS,PASS,5,1.0,0.0,0.0,1.0,0,0,0,0,0
werr0.80_wrp0.00,0.8,0.2,0.0,47,The algorithm maintains a running average of gradients A_k = sum_{i=1}^k g_i. St,COMPLETED,82.4,1,True,PASS_MINOR,PASS_MINOR,4,0.5867,0.0,0.0,1.0,0,2,-2,3,3
werr0.80_wrp0.00,0.8,0.2,0.0,48,The algorithm maintains a running average of squared gradients v_t = beta * v_{t,COMPLETED,126.25,1,True,PASS,PASS,5,1.0,0.0,0.0,1.0,0,0,0,0,0
werr0.80_wrp0.00,0.8,0.2,0.0,49,The algorithm uses a trust region constraint ||x - x_k|| <= Delta. Solves subpro,COMPLETED,74.8,1,True,PASS,PASS,5,1.0,0.0,0.0,1.0,0,0,0,0,0
werr0.80_wrp0.00,0.8,0.2,0.0,50,The algorithm uses a trust region constraint ||x - x_k|| <= Delta. Solves subpro,COMPLETED,127.34,1,True,PASS,PASS,5,1.0,0.0,0.0,1.0,0,0,0,0,0
werr0.80_wrp0.00,0.8,0.2,0.0,51,The algorithm updates x_{k+1} = x_k - alpha * grad(f)(x_k) + noise_k. Noise vari,COMPLETED,71.69,1,True,PASS,PASS,5,1.0,0.0,0.0,1.0,0,0,0,0,0
werr0.80_wrp0.00,0.8,0.2,0.0,52,The algorithm updates x_{k+1} = x_k - alpha * grad(f)(x_k) + noise_k. Noise vari,COMPLETED,73.0,1,True,PASS,PASS,5,1.0,0.0,0.0,1.0,0,0,0,0,0
werr0.80_wrp0.00,0.8,0.2,0.0,53,The algorithm maintains a snapshot of weights every k steps. Uses interpolation ,COMPLETED,72.05,1,True,PASS,PASS,5,1.0,0.0,0.0,1.0,0,0,0,0,0
werr0.80_wrp0.00,0.8,0.2,0.0,54,The algorithm uses a cyclic learning rate schedule. Step size varies between eta,COMPLETED,72.88,1,True,PASS,PASS,5,1.0,0.0,0.0,1.0,0,0,0,0,0
werr0.80_wrp0.00,0.8,0.2,0.0,55,The algorithm uses a warm restart schedule. Step size resets to eta_max every M ,COMPLETED,65.11,1,True,PASS_MINOR,PASS_MINOR,4,1.0,0.0,0.0,1.0,0,0,0,0,0
werr0.80_wrp0.00,0.8,0.2,0.0,56,The algorithm selects a random subset of coordinates at each step (block coordin,COMPLETED,63.82,1,True,PASS,PASS,5,1.0,0.0,0.0,1.0,0,0,0,0,0
werr0.80_wrp0.00,0.8,0.2,0.0,57,The algorithm selects a random subset of coordinates at each step (block coordin,COMPLETED,97.08,1,True,PASS,PASS,5,1.0,0.0,0.0,1.0,0,0,0,0,0
werr0.80_wrp0.00,0.8,0.2,0.0,58,The algorithm uses a quantized gradient operator Q(g) such that E[Q(g)] = g. Com,COMPLETED,70.93,1,True,PASS,PASS,5,1.0,0.0,0.0,1.0,0,0,0,0,0
werr0.80_wrp0.00,0.8,0.2,0.0,59,The algorithm uses a quantized gradient operator Q(g) such that E[Q(g)] = g. Com,COMPLETED,201.95,2,True,CONDITIONAL,PASS,5,1.0,1.0,0.0,1.0,0,0,0,0,0
werr0.80_wrp0.00,0.8,0.2,0.0,60,The algorithm uses error feedback: stores quantization error e_k and adds it to ,COMPLETED,87.07,1,True,PASS,PASS,5,1.0,0.0,0.0,1.0,0,0,0,0,0
werr0.80_wrp0.00,0.8,0.2,0.0,61,The algorithm uses a sparse gradient operator: only top-K largest magnitude grad,COMPLETED,65.78,1,True,PASS_MINOR,PASS_MINOR,4,1.0,0.0,0.0,1.0,0,0,0,0,0
werr0.80_wrp0.00,0.8,0.2,0.0,62,The algorithm uses a sparse gradient operator: only top-K largest magnitude grad,COMPLETED,89.0,1,True,PASS,PASS,5,1.0,0.0,0.0,1.0,0,0,0,0,0
werr0.80_wrp0.20,0.8,0.2,0.2,0,The algorithm maintains two sequences x_k and y_k. Update: y_k = x_k + beta_k(x_,COMPLETED,65.45,1,True,PASS,PASS,5,1.0,0.0,0.0,1.0,0,0,0,0,0
werr0.80_wrp0.20,0.8,0.2,0.2,1,The algorithm maintains two sequences x_k and y_k. Update: y_k = x_k + beta_k(x_,COMPLETED,84.58,1,True,PASS,PASS,5,1.0,0.0,0.0,1.0,0,0,0,0,0
werr0.80_wrp0.20,0.8,0.2,0.2,2,The algorithm maintains two sequences x_k and y_k. Update: y_k = x_k + beta_k(x_,COMPLETED,74.41,1,True,PASS,PASS,5,1.0,0.0,0.0,1.0,0,0,0,0,0
werr0.80_wrp0.20,0.8,0.2,0.2,3,"The algorithm updates parameters via x_{k+1} = argmin_x { <grad(f)(x_k), x> + (1",COMPLETED,63.09,1,True,PASS,PASS,5,1.0,0.0,0.0,1.0,0,0,0,0,0
werr0.80_wrp0.20,0.8,0.2,0.2,4,"The algorithm updates parameters via x_{k+1} = argmin_x { <grad(f)(x_k), x> + (1",COMPLETED,85.87,1,True,PASS,PASS,5,1.0,0.0,0.0,1.0,0,0,0,0,0
werr0.80_wrp0.20,0.8,0.2,0.2,5,The algorithm uses a double-loop structure. Outer loop updates full gradient. In,COMPLETED,126.5,1,True,PASS,PASS,5,1.0,0.0,0.0,1.0,0,0,0,0,0
werr0.80_wrp0.20,0.8,0.2,0.2,6,The algorithm uses a double-loop structure. Outer loop updates full gradient. In,COMPLETED,84.81,1,True,PASS_MINOR,PASS_MINOR,4,1.0,0.0,0.0,1.0,0,0,0,0,0
werr0.80_wrp0.20,0.8,0.2,0.2,7,The algorithm uses a double-loop structure. Outer loop updates full gradient. In,COMPLETED,108.59,1,True,PASS,PASS,5,1.0,0.0,0.0,1.0,0,0,0,0,0
werr0.80_wrp0.20,0.8,0.2,0.2,8,The algorithm maintains a table of past gradients phi_i. Update: x_{k+1} = x_k -,COMPLETED,79.84,1,True,PASS,PASS,5,1.0,0.0,0.0,1.0,0,0,0,0,0
werr0.80_wrp0.20,0.8,0.2,0.2,9,The algorithm maintains a table of past gradients phi_i. Update: x_{k+1} = x_k -,COMPLETED,103.83,1,True,PASS,PASS,5,1.0,0.0,0.0,1.0,0,0,0,0,0
werr0.80_wrp0.20,0.8,0.2,0.2,10,The algorithm maintains a recursive variance estimator v_t = (1-alpha)v_{t-1} + ,COMPLETED,79.71,1,True,PASS,PASS,5,1.0,0.0,0.0,1.0,0,0,0,0,0
werr0.80_wrp0.20,0.8,0.2,0.2,11,The algorithm maintains a recursive variance estimator v_t = (1-alpha)v_{t-1} + ,COMPLETED,138.6,1,True,PASS,PASS,5,1.0,0.0,0.0,1.0,0,0,0,0,0
werr0.80_wrp0.20,0.8,0.2,0.2,12,The algorithm maintains exponential moving averages m_t and v_t. Update includes,COMPLETED,133.07,1,True,PASS,PASS,5,1.0,0.0,0.0,1.0,0,0,0,0,0
werr0.80_wrp0.20,0.8,0.2,0.2,13,The algorithm maintains exponential moving averages m_t and v_t. Update includes,COMPLETED,108.89,1,True,PASS,PASS,5,1.0,0.0,0.0,1.0,0,0,0,0,0
werr0.80_wrp0.20,0.8,0.2,0.2,14,The algorithm updates parameters using only the sign of the gradient: x_{k+1} = ,COMPLETED,64.72,1,True,PASS,PASS,5,1.0,0.0,0.0,1.0,0,0,0,0,0
werr0.80_wrp0.20,0.8,0.2,0.2,15,The algorithm updates parameters using only the sign of the gradient: x_{k+1} = ,COMPLETED,102.68,1,True,PASS,PASS,5,1.0,0.0,0.0,1.0,0,0,0,0,0
werr0.80_wrp0.20,0.8,0.2,0.2,16,The algorithm performs local SGD steps on K clients for E epochs before averagin,COMPLETED,127.72,1,True,PASS,PASS,5,1.0,0.0,0.0,1.0,0,0,0,0,0
werr0.80_wrp0.20,0.8,0.2,0.2,17,The algorithm performs local SGD steps on K clients for E epochs before averagin,COMPLETED,132.7,1,True,PASS,PASS,5,1.0,0.0,0.0,1.0,0,0,0,0,0
werr0.80_wrp0.20,0.8,0.2,0.2,18,The algorithm performs local SGD steps on K clients for E epochs. Clients minimi,COMPLETED,84.67,1,True,PASS_MINOR,PASS_MINOR,4,0.92,0.0,0.0,1.0,0,0,0,0,0
werr0.80_wrp0.20,0.8,0.2,0.2,19,The algorithm performs local SGD steps on K clients for E epochs. Clients minimi,COMPLETED,89.28,1,False,FAIL,FAIL,2,0.4,0.0,0.0,1.0,0,0,0,0,0
werr0.80_wrp0.20,0.8,0.2,0.2,20,The algorithm updates x_{k+1} = prox_{eta*g}(x_k - eta * grad(f)(x_k)). Proof mu,COMPLETED,85.19,1,True,PASS,PASS,5,1.0,0.0,0.0,1.0,0,0,0,0,0
werr0.80_wrp0.20,0.8,0.2,0.2,21,The algorithm updates x_{k+1} = prox_{eta*g}(x_k - eta * grad(f)(x_k)). Proof mu,COMPLETED,68.22,1,True,PASS,PASS,5,1.0,0.0,0.0,1.0,0,0,0,0,0
werr0.80_wrp0.20,0.8,0.2,0.2,22,The algorithm updates x_{k+1} = prox_{eta*g}(x_k - eta * grad(f)(x_k)). Proof mu,COMPLETED,102.68,1,True,PASS,PASS,5,1.0,0.0,0.0,1.0,0,0,0,0,0
werr0.80_wrp0.20,0.8,0.2,0.2,23,The algorithm updates x_{k+1} = prox_{eta*g}(x_k - eta * grad(f)(x_k)). Proof mu,COMPLETED,100.84,1,True,PASS,PASS,5,1.0,0.0,0.0,1.0,0,0,0,0,0
werr0.80_wrp0.20,0.8,0.2,0.2,24,The algorithm updates x_{k+1} = prox_{eta*g}(x_k - eta * grad(f)(x_k)). Uses mom,COMPLETED,169.65,1,True,PASS,PASS,5,1.0,0.0,0.0,1.0,0,0,0,0,0
werr0.80_wrp0.20,0.8,0.2,0.2,25,The algorithm updates x_{k+1} = prox_{eta*g}(x_k - eta * grad(f)(x_k)). Uses mom,COMPLETED,90.79,1,False,FAIL,FAIL,2,0.4,0.0,0.0,1.0,0,0,0,0,0
werr0.80_wrp0.20,0.8,0.2,0.2,26,The algorithm selects coordinate i_k with probability p_i. Update only affects c,COMPLETED,79.79,1,True,PASS,PASS,5,1.0,0.0,0.0,1.0,0,0,0,0,0
werr0.80_wrp0.20,0.8,0.2,0.2,27,The algorithm selects coordinate i_k with probability p_i. Update only affects c,COMPLETED,68.08,1,True,PASS,PASS,5,1.0,0.0,0.0,1.0,0,0,0,0,0
werr0.80_wrp0.20,0.8,0.2,0.2,28,The algorithm selects coordinate i_k with probability p_i. Update only affects c,COMPLETED,95.58,1,True,PASS,PASS,5,1.0,0.0,0.0,1.0,0,0,0,0,0
werr0.80_wrp0.20,0.8,0.2,0.2,29,The algorithm updates x_{k+1} = x_k + beta(x_k - x_{k-1}) - alpha * grad(f)(x_k),COMPLETED,131.32,1,True,PASS,PASS,5,1.0,0.0,0.0,1.0,0,0,0,0,0
werr0.80_wrp0.20,0.8,0.2,0.2,30,The algorithm updates x_{k+1} = x_k + beta(x_k - x_{k-1}) - alpha * grad(f)(x_k),COMPLETED,61.42,1,True,PASS,PASS,5,1.0,0.0,0.0,1.0,0,0,0,0,0
werr0.80_wrp0.20,0.8,0.2,0.2,31,The algorithm solves linear minimization oracle s_k = argmin_{s in C} <grad(f)(x,COMPLETED,59.22,1,True,PASS,PASS,5,1.0,0.0,0.0,1.0,0,0,0,0,0
werr0.80_wrp0.20,0.8,0.2,0.2,32,The algorithm solves linear minimization oracle s_k = argmin_{s in C} <grad(f)(x,COMPLETED,89.26,1,True,PASS_MINOR,PASS_MINOR,4,0.6,0.0,0.0,1.0,0,1,-1,1,1
werr0.80_wrp0.20,0.8,0.2,0.2,33,The algorithm solves linear minimization oracle s_k = argmin_{s in C} <grad(f)(x,COMPLETED,88.06,1,True,PASS,PASS,5,1.0,0.0,0.0,1.0,0,0,0,0,0
werr0.80_wrp0.20,0.8,0.2,0.2,34,"The algorithm clips gradients: g_t = grad(f)(x_t) / max(1, ||grad(f)(x_t)||/C). ",COMPLETED,116.44,1,True,PASS,PASS,5,1.0,0.0,0.0,1.0,0,0,0,0,0
werr0.80_wrp0.20,0.8,0.2,0.2,35,"The algorithm clips gradients: g_t = grad(f)(x_t) / max(1, ||grad(f)(x_t)||/C). ",COMPLETED,62.37,1,True,PASS,PASS,5,1.0,0.0,0.0,1.0,0,0,0,0,0
werr0.80_wrp0.20,0.8,0.2,0.2,36,The algorithm uses stochastic Hessian estimates H_t. Update: x_{k+1} = x_t - alp,COMPLETED,64.56,1,True,PASS,PASS,5,1.0,0.0,0.0,1.0,0,0,0,0,0
werr0.80_wrp0.20,0.8,0.2,0.2,37,The algorithm uses stochastic Hessian estimates H_t. Update: x_{k+1} = x_t - alp,COMPLETED,77.73,1,True,PASS_MINOR,PASS_MINOR,4,1.0,0.0,0.0,1.0,0,0,0,0,0
werr0.80_wrp0.20,0.8,0.2,0.2,38,The algorithm maintains dual variables y_k and primal x_k. Updates involve gradi,COMPLETED,122.65,1,True,PASS_MINOR,PASS_MINOR,4,0.88,0.0,0.0,1.0,0,0,0,0,0
werr0.80_wrp0.20,0.8,0.2,0.2,39,The algorithm maintains dual variables y_k and primal x_k. Updates involve gradi,COMPLETED,74.25,1,True,PASS,PASS,5,1.0,0.0,0.0,1.0,0,0,0,0,0
werr0.80_wrp0.20,0.8,0.2,0.2,40,"The algorithm minimizes max_x min_y L(x,y). Updates x via gradient ascent and y ",COMPLETED,65.73,1,True,PASS,PASS,5,1.0,0.0,0.0,1.0,0,0,0,0,0
werr0.80_wrp0.20,0.8,0.2,0.2,41,"The algorithm minimizes max_x min_y L(x,y). Updates x via gradient ascent and y ",COMPLETED,154.75,1,True,PASS_MINOR,PASS_MINOR,4,0.6,0.0,0.0,1.0,0,0,0,0,0
werr0.80_wrp0.20,0.8,0.2,0.2,42,"The algorithm minimizes max_x min_y L(x,y). Uses extra gradient step: x_{k+1/2} ",COMPLETED,75.97,1,True,PASS_MINOR,PASS_MINOR,4,0.88,0.0,0.0,1.0,0,0,0,0,0
werr0.80_wrp0.20,0.8,0.2,0.2,43,"The algorithm minimizes max_x min_y L(x,y). Uses optimistic update: uses gradien",COMPLETED,94.92,1,True,PASS,PASS,5,1.0,0.0,0.0,1.0,0,0,0,0,0
werr0.80_wrp0.20,0.8,0.2,0.2,44,The algorithm adds Gaussian noise to gradients at each step: g_t = grad(f)(x_t) ,COMPLETED,86.33,1,True,PASS,PASS,5,1.0,0.0,0.0,1.0,0,0,0,0,0
werr0.80_wrp0.20,0.8,0.2,0.2,45,The algorithm adds Gaussian noise to gradients at each step: g_t = grad(f)(x_t) ,COMPLETED,72.99,1,True,PASS,PASS,5,1.0,0.0,0.0,1.0,0,0,0,0,0
werr0.80_wrp0.20,0.8,0.2,0.2,46,The algorithm maintains a running average of gradients A_k = sum_{i=1}^k g_i. St,COMPLETED,87.04,1,True,PASS_MINOR,PASS_MINOR,4,0.88,0.0,0.0,1.0,0,0,0,0,0
werr0.80_wrp0.20,0.8,0.2,0.2,47,The algorithm maintains a running average of gradients A_k = sum_{i=1}^k g_i. St,COMPLETED,83.5,1,True,PASS,PASS,5,1.0,0.0,0.0,1.0,0,0,0,0,0
werr0.80_wrp0.20,0.8,0.2,0.2,48,The algorithm maintains a running average of squared gradients v_t = beta * v_{t,COMPLETED,75.04,1,True,PASS_MINOR,PASS_MINOR,4,1.0,0.0,0.0,1.0,0,0,0,0,0
werr0.80_wrp0.20,0.8,0.2,0.2,49,The algorithm uses a trust region constraint ||x - x_k|| <= Delta. Solves subpro,COMPLETED,93.89,1,True,PASS,PASS,5,1.0,0.0,0.0,1.0,0,0,0,0,0
werr0.80_wrp0.20,0.8,0.2,0.2,50,The algorithm uses a trust region constraint ||x - x_k|| <= Delta. Solves subpro,COMPLETED,92.71,1,True,PASS_MINOR,PASS_MINOR,4,1.0,0.0,0.0,1.0,0,0,0,0,0
werr0.80_wrp0.20,0.8,0.2,0.2,51,The algorithm updates x_{k+1} = x_k - alpha * grad(f)(x_k) + noise_k. Noise vari,COMPLETED,160.23,2,True,CONDITIONAL,PASS,5,1.0,1.0,0.0,1.0,1,0,1,3,0
werr0.80_wrp0.20,0.8,0.2,0.2,52,The algorithm updates x_{k+1} = x_k - alpha * grad(f)(x_k) + noise_k. Noise vari,COMPLETED,135.88,1,True,PASS_MINOR,PASS_MINOR,4,1.0,0.0,0.0,1.0,0,0,0,0,0
werr0.80_wrp0.20,0.8,0.2,0.2,53,The algorithm maintains a snapshot of weights every k steps. Uses interpolation ,COMPLETED,164.07,2,True,FAIL,PASS,5,1.0,1.0,0.0,1.0,0,0,0,0,0
werr0.80_wrp0.20,0.8,0.2,0.2,54,The algorithm uses a cyclic learning rate schedule. Step size varies between eta,COMPLETED,70.68,1,True,PASS,PASS,5,1.0,0.0,0.0,1.0,0,0,0,0,0
werr0.80_wrp0.20,0.8,0.2,0.2,55,The algorithm uses a warm restart schedule. Step size resets to eta_max every M ,COMPLETED,80.68,1,True,PASS,PASS,5,1.0,0.0,0.0,1.0,0,0,0,0,0
werr0.80_wrp0.20,0.8,0.2,0.2,56,The algorithm selects a random subset of coordinates at each step (block coordin,COMPLETED,72.57,1,True,PASS,PASS,5,1.0,0.0,0.0,1.0,0,0,0,0,0
werr0.80_wrp0.20,0.8,0.2,0.2,57,The algorithm selects a random subset of coordinates at each step (block coordin,COMPLETED,90.21,1,True,PASS,PASS,5,1.0,0.0,0.0,1.0,0,0,0,0,0
werr0.80_wrp0.20,0.8,0.2,0.2,58,The algorithm uses a quantized gradient operator Q(g) such that E[Q(g)] = g. Com,COMPLETED,73.2,1,True,PASS,PASS,5,1.0,0.0,0.0,1.0,0,0,0,0,0
werr0.80_wrp0.20,0.8,0.2,0.2,59,The algorithm uses a quantized gradient operator Q(g) such that E[Q(g)] = g. Com,COMPLETED,144.6,2,True,CONDITIONAL,PASS,5,1.0,1.0,0.0,1.0,1,0,1,1,0
werr0.80_wrp0.20,0.8,0.2,0.2,60,The algorithm uses error feedback: stores quantization error e_k and adds it to ,COMPLETED,73.69,1,True,PASS,PASS,5,1.0,0.0,0.0,1.0,0,0,0,0,0
werr0.80_wrp0.20,0.8,0.2,0.2,61,The algorithm uses a sparse gradient operator: only top-K largest magnitude grad,COMPLETED,77.92,1,True,PASS,PASS,5,1.0,0.0,0.0,1.0,0,0,0,0,0
werr0.80_wrp0.20,0.8,0.2,0.2,62,The algorithm uses a sparse gradient operator: only top-K largest magnitude grad,COMPLETED,82.99,1,True,PASS,PASS,5,1.0,0.0,0.0,1.0,0,0,0,0,0
werr0.80_wrp0.40,0.8,0.2,0.4,0,The algorithm maintains two sequences x_k and y_k. Update: y_k = x_k + beta_k(x_,COMPLETED,76.52,1,True,PASS_MINOR,PASS_MINOR,4,0.6,0.0,0.0,1.0,0,1,-1,1,1
werr0.80_wrp0.40,0.8,0.2,0.4,1,The algorithm maintains two sequences x_k and y_k. Update: y_k = x_k + beta_k(x_,COMPLETED,100.77,1,True,PASS,PASS,5,1.0,0.0,0.0,1.0,0,0,0,0,0
werr0.80_wrp0.40,0.8,0.2,0.4,2,The algorithm maintains two sequences x_k and y_k. Update: y_k = x_k + beta_k(x_,COMPLETED,85.23,1,True,PASS,PASS,5,1.0,0.0,0.0,1.0,0,0,0,0,0
werr0.80_wrp0.40,0.8,0.2,0.4,3,"The algorithm updates parameters via x_{k+1} = argmin_x { <grad(f)(x_k), x> + (1",COMPLETED,85.03,1,True,PASS,PASS,5,1.0,0.0,0.0,1.0,0,0,0,0,0
werr0.80_wrp0.40,0.8,0.2,0.4,4,"The algorithm updates parameters via x_{k+1} = argmin_x { <grad(f)(x_k), x> + (1",COMPLETED,170.55,2,True,FAIL,PASS,5,1.0,1.0,0.0,1.0,1,0,1,2,0
werr0.80_wrp0.40,0.8,0.2,0.4,5,The algorithm uses a double-loop structure. Outer loop updates full gradient. In,COMPLETED,63.26,1,True,PASS,PASS,5,1.0,0.0,0.0,1.0,0,0,0,0,0
werr0.80_wrp0.40,0.8,0.2,0.4,6,The algorithm uses a double-loop structure. Outer loop updates full gradient. In,COMPLETED,68.55,1,True,PASS,PASS,5,1.0,0.0,0.0,1.0,0,0,0,0,0
werr0.80_wrp0.40,0.8,0.2,0.4,7,The algorithm uses a double-loop structure. Outer loop updates full gradient. In,COMPLETED,130.83,1,True,PASS,PASS,5,1.0,0.0,0.0,1.0,0,0,0,0,0
werr0.80_wrp0.40,0.8,0.2,0.4,8,The algorithm maintains a table of past gradients phi_i. Update: x_{k+1} = x_k -,COMPLETED,112.93,1,True,PASS,PASS,5,1.0,0.0,0.0,1.0,0,0,0,0,0
werr0.80_wrp0.40,0.8,0.2,0.4,9,The algorithm maintains a table of past gradients phi_i. Update: x_{k+1} = x_k -,COMPLETED,107.48,1,True,PASS,PASS,5,1.0,0.0,0.0,1.0,0,0,0,0,0
werr0.80_wrp0.40,0.8,0.2,0.4,10,The algorithm maintains a recursive variance estimator v_t = (1-alpha)v_{t-1} + ,COMPLETED,83.59,1,True,PASS_MINOR,PASS_MINOR,4,1.0,0.0,0.0,1.0,0,0,0,0,0
werr0.80_wrp0.40,0.8,0.2,0.4,11,The algorithm maintains a recursive variance estimator v_t = (1-alpha)v_{t-1} + ,COMPLETED,98.68,1,True,PASS,PASS,5,1.0,0.0,0.0,1.0,0,0,0,0,0
werr0.80_wrp0.40,0.8,0.2,0.4,12,The algorithm maintains exponential moving averages m_t and v_t. Update includes,COMPLETED,117.33,1,True,PASS_MINOR,PASS_MINOR,4,0.6,0.0,0.0,1.0,0,1,-1,1,1
werr0.80_wrp0.40,0.8,0.2,0.4,13,The algorithm maintains exponential moving averages m_t and v_t. Update includes,COMPLETED,145.25,1,False,FAIL,FAIL,2,0.52,0.0,0.0,1.0,0,0,0,0,0
werr0.80_wrp0.40,0.8,0.2,0.4,14,The algorithm updates parameters using only the sign of the gradient: x_{k+1} = ,COMPLETED,200.39,2,True,CONDITIONAL,PASS,5,1.0,1.0,0.0,1.0,0,0,0,0,0
werr0.80_wrp0.40,0.8,0.2,0.4,15,The algorithm updates parameters using only the sign of the gradient: x_{k+1} = ,COMPLETED,106.88,1,True,PASS_MINOR,PASS_MINOR,4,1.0,0.0,0.0,1.0,0,0,0,0,0
werr0.80_wrp0.40,0.8,0.2,0.4,16,The algorithm performs local SGD steps on K clients for E epochs before averagin,COMPLETED,70.76,1,True,PASS,PASS,5,1.0,0.0,0.0,1.0,0,0,0,0,0
werr0.80_wrp0.40,0.8,0.2,0.4,17,The algorithm performs local SGD steps on K clients for E epochs before averagin,COMPLETED,82.61,1,True,PASS,PASS,5,1.0,0.0,0.0,1.0,0,0,0,0,0
werr0.80_wrp0.40,0.8,0.2,0.4,18,The algorithm performs local SGD steps on K clients for E epochs. Clients minimi,COMPLETED,80.12,1,False,CONDITIONAL,CONDITIONAL,3,0.6,0.0,0.0,1.0,0,0,0,0,0
werr0.80_wrp0.40,0.8,0.2,0.4,19,The algorithm performs local SGD steps on K clients for E epochs. Clients minimi,COMPLETED,81.58,1,True,PASS,PASS,5,1.0,0.0,0.0,1.0,0,0,0,0,0
werr0.80_wrp0.40,0.8,0.2,0.4,20,The algorithm updates x_{k+1} = prox_{eta*g}(x_k - eta * grad(f)(x_k)). Proof mu,COMPLETED,74.38,1,True,PASS,PASS,5,1.0,0.0,0.0,1.0,0,0,0,0,0
werr0.80_wrp0.40,0.8,0.2,0.4,21,The algorithm updates x_{k+1} = prox_{eta*g}(x_k - eta * grad(f)(x_k)). Proof mu,COMPLETED,66.03,1,True,PASS,PASS,5,1.0,0.0,0.0,1.0,0,0,0,0,0
werr0.80_wrp0.40,0.8,0.2,0.4,22,The algorithm updates x_{k+1} = prox_{eta*g}(x_k - eta * grad(f)(x_k)). Proof mu,COMPLETED,125.21,1,True,PASS,PASS,5,1.0,0.0,0.0,1.0,0,0,0,0,0
werr0.80_wrp0.40,0.8,0.2,0.4,23,The algorithm updates x_{k+1} = prox_{eta*g}(x_k - eta * grad(f)(x_k)). Proof mu,COMPLETED,67.75,1,True,PASS,PASS,5,1.0,0.0,0.0,1.0,0,0,0,0,0
werr0.80_wrp0.40,0.8,0.2,0.4,24,The algorithm updates x_{k+1} = prox_{eta*g}(x_k - eta * grad(f)(x_k)). Uses mom,COMPLETED,123.69,1,False,FAIL,FAIL,2,0.4,0.0,0.0,1.0,0,0,0,0,0
werr0.80_wrp0.40,0.8,0.2,0.4,25,The algorithm updates x_{k+1} = prox_{eta*g}(x_k - eta * grad(f)(x_k)). Uses mom,COMPLETED,71.69,1,True,PASS,PASS,5,1.0,0.0,0.0,1.0,0,0,0,0,0
werr0.80_wrp0.40,0.8,0.2,0.4,26,The algorithm selects coordinate i_k with probability p_i. Update only affects c,COMPLETED,67.64,1,True,PASS,PASS,5,1.0,0.0,0.0,1.0,0,0,0,0,0
werr0.80_wrp0.40,0.8,0.2,0.4,27,The algorithm selects coordinate i_k with probability p_i. Update only affects c,COMPLETED,61.99,1,True,PASS,PASS,5,1.0,0.0,0.0,1.0,0,0,0,0,0
werr0.80_wrp0.40,0.8,0.2,0.4,28,The algorithm selects coordinate i_k with probability p_i. Update only affects c,COMPLETED,109.8,1,True,PASS,PASS,5,1.0,0.0,0.0,1.0,0,0,0,0,0
werr0.80_wrp0.40,0.8,0.2,0.4,29,The algorithm updates x_{k+1} = x_k + beta(x_k - x_{k-1}) - alpha * grad(f)(x_k),COMPLETED,145.57,1,True,PASS,PASS,5,1.0,0.0,0.0,1.0,0,0,0,0,0
werr0.80_wrp0.40,0.8,0.2,0.4,30,The algorithm updates x_{k+1} = x_k + beta(x_k - x_{k-1}) - alpha * grad(f)(x_k),COMPLETED,75.29,1,True,PASS,PASS,5,1.0,0.0,0.0,1.0,0,0,0,0,0
werr0.80_wrp0.40,0.8,0.2,0.4,31,The algorithm solves linear minimization oracle s_k = argmin_{s in C} <grad(f)(x,COMPLETED,79.03,1,True,PASS,PASS,5,1.0,0.0,0.0,1.0,0,0,0,0,0
werr0.80_wrp0.40,0.8,0.2,0.4,32,The algorithm solves linear minimization oracle s_k = argmin_{s in C} <grad(f)(x,COMPLETED,102.99,1,True,PASS,PASS,5,1.0,0.0,0.0,1.0,0,0,0,0,0
werr0.80_wrp0.40,0.8,0.2,0.4,33,The algorithm solves linear minimization oracle s_k = argmin_{s in C} <grad(f)(x,COMPLETED,88.57,1,True,PASS,PASS,5,1.0,0.0,0.0,1.0,0,0,0,0,0
werr0.80_wrp0.40,0.8,0.2,0.4,34,"The algorithm clips gradients: g_t = grad(f)(x_t) / max(1, ||grad(f)(x_t)||/C). ",COMPLETED,155.19,1,True,PASS,PASS,5,1.0,0.0,0.0,1.0,0,0,0,0,0
werr0.80_wrp0.40,0.8,0.2,0.4,35,"The algorithm clips gradients: g_t = grad(f)(x_t) / max(1, ||grad(f)(x_t)||/C). ",COMPLETED,104.66,1,True,PASS_MINOR,PASS_MINOR,4,1.0,0.0,0.0,1.0,0,0,0,0,0
werr0.80_wrp0.40,0.8,0.2,0.4,36,The algorithm uses stochastic Hessian estimates H_t. Update: x_{k+1} = x_t - alp,COMPLETED,93.58,1,True,PASS,PASS,5,1.0,0.0,0.0,1.0,0,0,0,0,0
werr0.80_wrp0.40,0.8,0.2,0.4,37,The algorithm uses stochastic Hessian estimates H_t. Update: x_{k+1} = x_t - alp,COMPLETED,66.82,1,True,PASS,PASS,5,1.0,0.0,0.0,1.0,0,0,0,0,0
werr0.80_wrp0.40,0.8,0.2,0.4,38,The algorithm maintains dual variables y_k and primal x_k. Updates involve gradi,COMPLETED,57.64,1,True,PASS,PASS,5,1.0,0.0,0.0,1.0,0,0,0,0,0
werr0.80_wrp0.40,0.8,0.2,0.4,39,The algorithm maintains dual variables y_k and primal x_k. Updates involve gradi,COMPLETED,79.14,1,True,PASS,PASS,5,1.0,0.0,0.0,1.0,0,0,0,0,0
werr0.80_wrp0.40,0.8,0.2,0.4,40,"The algorithm minimizes max_x min_y L(x,y). Updates x via gradient ascent and y ",COMPLETED,78.93,1,True,PASS,PASS,5,1.0,0.0,0.0,1.0,0,0,0,0,0
werr0.80_wrp0.40,0.8,0.2,0.4,41,"The algorithm minimizes max_x min_y L(x,y). Updates x via gradient ascent and y ",COMPLETED,95.94,1,True,PASS_MINOR,PASS_MINOR,4,1.0,0.0,0.0,1.0,0,0,0,0,0
werr0.80_wrp0.40,0.8,0.2,0.4,42,"The algorithm minimizes max_x min_y L(x,y). Uses extra gradient step: x_{k+1/2} ",COMPLETED,73.32,1,True,PASS,PASS,5,1.0,0.0,0.0,1.0,0,0,0,0,0
werr0.80_wrp0.40,0.8,0.2,0.4,43,"The algorithm minimizes max_x min_y L(x,y). Uses optimistic update: uses gradien",COMPLETED,78.71,1,True,PASS,PASS,5,1.0,0.0,0.0,1.0,0,0,0,0,0
werr0.80_wrp0.40,0.8,0.2,0.4,44,The algorithm adds Gaussian noise to gradients at each step: g_t = grad(f)(x_t) ,COMPLETED,80.85,1,True,PASS,PASS,5,1.0,0.0,0.0,1.0,0,0,0,0,0
werr0.80_wrp0.40,0.8,0.2,0.4,45,The algorithm adds Gaussian noise to gradients at each step: g_t = grad(f)(x_t) ,COMPLETED,98.59,1,True,PASS,PASS,5,1.0,0.0,0.0,1.0,0,0,0,0,0
werr0.80_wrp0.40,0.8,0.2,0.4,46,The algorithm maintains a running average of gradients A_k = sum_{i=1}^k g_i. St,COMPLETED,91.36,1,True,PASS_MINOR,PASS_MINOR,4,0.8,0.0,0.0,1.0,0,0,0,0,0
werr0.80_wrp0.40,0.8,0.2,0.4,47,The algorithm maintains a running average of gradients A_k = sum_{i=1}^k g_i. St,COMPLETED,77.15,1,True,PASS,PASS,5,1.0,0.0,0.0,1.0,0,0,0,0,0
werr0.80_wrp0.40,0.8,0.2,0.4,48,The algorithm maintains a running average of squared gradients v_t = beta * v_{t,COMPLETED,74.2,1,True,PASS,PASS,5,1.0,0.0,0.0,1.0,0,0,0,0,0
werr0.80_wrp0.40,0.8,0.2,0.4,49,The algorithm uses a trust region constraint ||x - x_k|| <= Delta. Solves subpro,COMPLETED,69.86,1,True,PASS,PASS,5,1.0,0.0,0.0,1.0,0,0,0,0,0
werr0.80_wrp0.40,0.8,0.2,0.4,50,The algorithm uses a trust region constraint ||x - x_k|| <= Delta. Solves subpro,COMPLETED,109.86,1,True,PASS,PASS,5,1.0,0.0,0.0,1.0,0,0,0,0,0
werr0.80_wrp0.40,0.8,0.2,0.4,51,The algorithm updates x_{k+1} = x_k - alpha * grad(f)(x_k) + noise_k. Noise vari,COMPLETED,59.91,1,True,PASS,PASS,5,1.0,0.0,0.0,1.0,0,0,0,0,0
werr0.80_wrp0.40,0.8,0.2,0.4,52,The algorithm updates x_{k+1} = x_k - alpha * grad(f)(x_k) + noise_k. Noise vari,COMPLETED,121.11,1,True,PASS,PASS,5,1.0,0.0,0.0,1.0,0,0,0,0,0
werr0.80_wrp0.40,0.8,0.2,0.4,53,The algorithm maintains a snapshot of weights every k steps. Uses interpolation ,COMPLETED,75.87,1,True,PASS,PASS,5,1.0,0.0,0.0,1.0,0,0,0,0,0
werr0.80_wrp0.40,0.8,0.2,0.4,54,The algorithm uses a cyclic learning rate schedule. Step size varies between eta,COMPLETED,82.87,1,True,PASS,PASS,5,1.0,0.0,0.0,1.0,0,0,0,0,0
werr0.80_wrp0.40,0.8,0.2,0.4,55,The algorithm uses a warm restart schedule. Step size resets to eta_max every M ,COMPLETED,117.91,1,True,PASS,PASS,5,1.0,0.0,0.0,1.0,0,0,0,0,0
werr0.80_wrp0.40,0.8,0.2,0.4,56,The algorithm selects a random subset of coordinates at each step (block coordin,COMPLETED,73.71,1,True,PASS,PASS,5,1.0,0.0,0.0,1.0,0,0,0,0,0
werr0.80_wrp0.40,0.8,0.2,0.4,57,The algorithm selects a random subset of coordinates at each step (block coordin,COMPLETED,53.5,1,True,PASS,PASS,5,1.0,0.0,0.0,1.0,0,0,0,0,0
werr0.80_wrp0.40,0.8,0.2,0.4,58,The algorithm uses a quantized gradient operator Q(g) such that E[Q(g)] = g. Com,COMPLETED,71.48,1,True,PASS_MINOR,PASS_MINOR,4,0.88,0.0,0.0,1.0,0,0,0,0,0
werr0.80_wrp0.40,0.8,0.2,0.4,59,The algorithm uses a quantized gradient operator Q(g) such that E[Q(g)] = g. Com,COMPLETED,59.1,1,True,PASS,PASS,5,1.0,0.0,0.0,1.0,0,0,0,0,0
werr0.80_wrp0.40,0.8,0.2,0.4,60,The algorithm uses error feedback: stores quantization error e_k and adds it to ,COMPLETED,69.43,1,True,PASS_MINOR,PASS_MINOR,4,0.8,0.0,0.0,1.0,0,0,0,0,0
werr0.80_wrp0.40,0.8,0.2,0.4,61,The algorithm uses a sparse gradient operator: only top-K largest magnitude grad,COMPLETED,145.97,1,True,PASS,PASS,5,1.0,0.0,0.0,1.0,0,0,0,0,0
werr0.80_wrp0.40,0.8,0.2,0.4,62,The algorithm uses a sparse gradient operator: only top-K largest magnitude grad,COMPLETED,83.5,1,True,PASS,PASS,5,1.0,0.0,0.0,1.0,0,0,0,0,0
werr0.80_wrp0.60,0.8,0.2,0.6,0,The algorithm maintains two sequences x_k and y_k. Update: y_k = x_k + beta_k(x_,COMPLETED,64.97,1,True,PASS,PASS,5,1.0,0.0,0.0,1.0,0,0,0,0,0
werr0.80_wrp0.60,0.8,0.2,0.6,1,The algorithm maintains two sequences x_k and y_k. Update: y_k = x_k + beta_k(x_,COMPLETED,141.66,1,True,PASS,PASS,5,1.0,0.0,0.0,1.0,0,0,0,0,0
werr0.80_wrp0.60,0.8,0.2,0.6,2,The algorithm maintains two sequences x_k and y_k. Update: y_k = x_k + beta_k(x_,COMPLETED,278.81,2,True,FAIL,PASS,5,1.0,1.0,0.0,1.0,0,0,0,0,0
werr0.80_wrp0.60,0.8,0.2,0.6,3,"The algorithm updates parameters via x_{k+1} = argmin_x { <grad(f)(x_k), x> + (1",COMPLETED,71.12,1,True,PASS,PASS,5,1.0,0.0,0.0,1.0,0,0,0,0,0
werr0.80_wrp0.60,0.8,0.2,0.6,4,"The algorithm updates parameters via x_{k+1} = argmin_x { <grad(f)(x_k), x> + (1",COMPLETED,113.85,1,True,PASS,PASS,5,1.0,0.0,0.0,1.0,0,0,0,0,0
werr0.80_wrp0.60,0.8,0.2,0.6,5,The algorithm uses a double-loop structure. Outer loop updates full gradient. In,COMPLETED,68.75,1,True,PASS,PASS,5,1.0,0.0,0.0,1.0,0,0,0,0,0
werr0.80_wrp0.60,0.8,0.2,0.6,6,The algorithm uses a double-loop structure. Outer loop updates full gradient. In,COMPLETED,129.52,1,True,PASS,PASS,5,1.0,0.0,0.0,1.0,0,0,0,0,0
werr0.80_wrp0.60,0.8,0.2,0.6,7,The algorithm uses a double-loop structure. Outer loop updates full gradient. In,COMPLETED,81.59,1,True,PASS,PASS,5,1.0,0.0,0.0,1.0,0,0,0,0,0
werr0.80_wrp0.60,0.8,0.2,0.6,8,The algorithm maintains a table of past gradients phi_i. Update: x_{k+1} = x_k -,COMPLETED,137.85,1,True,PASS,PASS,5,1.0,0.0,0.0,1.0,0,0,0,0,0
werr0.80_wrp0.60,0.8,0.2,0.6,9,The algorithm maintains a table of past gradients phi_i. Update: x_{k+1} = x_k -,COMPLETED,74.26,1,True,PASS,PASS,5,1.0,0.0,0.0,1.0,0,0,0,0,0
werr0.80_wrp0.60,0.8,0.2,0.6,10,The algorithm maintains a recursive variance estimator v_t = (1-alpha)v_{t-1} + ,COMPLETED,82.85,1,True,PASS_MINOR,PASS_MINOR,4,0.6,0.0,0.0,1.0,0,1,-1,1,1
werr0.80_wrp0.60,0.8,0.2,0.6,11,The algorithm maintains a recursive variance estimator v_t = (1-alpha)v_{t-1} + ,COMPLETED,89.11,1,True,PASS,PASS,5,1.0,0.0,0.0,1.0,0,0,0,0,0
werr0.80_wrp0.60,0.8,0.2,0.6,12,The algorithm maintains exponential moving averages m_t and v_t. Update includes,COMPLETED,81.78,1,True,PASS_MINOR,PASS_MINOR,4,0.88,0.0,0.0,1.0,0,0,0,0,0
werr0.80_wrp0.60,0.8,0.2,0.6,13,The algorithm maintains exponential moving averages m_t and v_t. Update includes,COMPLETED,119.08,1,True,PASS,PASS,5,1.0,0.0,0.0,1.0,0,0,0,0,0
werr0.80_wrp0.60,0.8,0.2,0.6,14,The algorithm updates parameters using only the sign of the gradient: x_{k+1} = ,COMPLETED,79.41,1,True,PASS,PASS,5,1.0,0.0,0.0,1.0,0,0,0,0,0
werr0.80_wrp0.60,0.8,0.2,0.6,15,The algorithm updates parameters using only the sign of the gradient: x_{k+1} = ,COMPLETED,121.95,1,True,PASS,PASS,5,1.0,0.0,0.0,1.0,0,0,0,0,0
werr0.80_wrp0.60,0.8,0.2,0.6,16,The algorithm performs local SGD steps on K clients for E epochs before averagin,COMPLETED,109.19,1,True,PASS,PASS,5,1.0,0.0,0.0,1.0,0,0,0,0,0
werr0.80_wrp0.60,0.8,0.2,0.6,17,The algorithm performs local SGD steps on K clients for E epochs before averagin,COMPLETED,87.17,1,True,PASS,PASS,5,1.0,0.0,0.0,1.0,0,0,0,0,0
werr0.80_wrp0.60,0.8,0.2,0.6,18,The algorithm performs local SGD steps on K clients for E epochs. Clients minimi,COMPLETED,82.44,1,True,PASS,PASS,5,1.0,0.0,0.0,1.0,0,0,0,0,0
werr0.80_wrp0.60,0.8,0.2,0.6,19,The algorithm performs local SGD steps on K clients for E epochs. Clients minimi,COMPLETED,96.29,1,True,PASS,PASS,5,1.0,0.0,0.0,1.0,0,0,0,0,0
werr0.80_wrp0.60,0.8,0.2,0.6,20,The algorithm updates x_{k+1} = prox_{eta*g}(x_k - eta * grad(f)(x_k)). Proof mu,COMPLETED,103.23,1,True,PASS,PASS,5,1.0,0.0,0.0,1.0,0,0,0,0,0
werr0.80_wrp0.60,0.8,0.2,0.6,21,The algorithm updates x_{k+1} = prox_{eta*g}(x_k - eta * grad(f)(x_k)). Proof mu,COMPLETED,57.64,1,True,PASS,PASS,5,1.0,0.0,0.0,1.0,0,0,0,0,0
werr0.80_wrp0.60,0.8,0.2,0.6,22,The algorithm updates x_{k+1} = prox_{eta*g}(x_k - eta * grad(f)(x_k)). Proof mu,COMPLETED,98.94,1,True,PASS,PASS,5,1.0,0.0,0.0,1.0,0,0,0,0,0
werr0.80_wrp0.60,0.8,0.2,0.6,23,The algorithm updates x_{k+1} = prox_{eta*g}(x_k - eta * grad(f)(x_k)). Proof mu,COMPLETED,56.78,1,True,PASS_MINOR,PASS_MINOR,4,0.88,0.0,0.0,1.0,0,0,0,0,0
werr0.80_wrp0.60,0.8,0.2,0.6,24,The algorithm updates x_{k+1} = prox_{eta*g}(x_k - eta * grad(f)(x_k)). Uses mom,COMPLETED,92.93,1,True,PASS,PASS,5,1.0,0.0,0.0,1.0,0,0,0,0,0
werr0.80_wrp0.60,0.8,0.2,0.6,25,The algorithm updates x_{k+1} = prox_{eta*g}(x_k - eta * grad(f)(x_k)). Uses mom,COMPLETED,65.19,1,True,PASS,PASS,5,1.0,0.0,0.0,1.0,0,0,0,0,0
werr0.80_wrp0.60,0.8,0.2,0.6,26,The algorithm selects coordinate i_k with probability p_i. Update only affects c,COMPLETED,62.97,1,True,PASS,PASS,5,1.0,0.0,0.0,1.0,0,0,0,0,0
werr0.80_wrp0.60,0.8,0.2,0.6,27,The algorithm selects coordinate i_k with probability p_i. Update only affects c,COMPLETED,74.22,1,True,PASS,PASS,5,1.0,0.0,0.0,1.0,0,0,0,0,0
werr0.80_wrp0.60,0.8,0.2,0.6,28,The algorithm selects coordinate i_k with probability p_i. Update only affects c,COMPLETED,71.77,1,True,PASS,PASS,5,1.0,0.0,0.0,1.0,0,0,0,0,0
werr0.80_wrp0.60,0.8,0.2,0.6,29,The algorithm updates x_{k+1} = x_k + beta(x_k - x_{k-1}) - alpha * grad(f)(x_k),COMPLETED,74.12,1,True,PASS,PASS,5,1.0,0.0,0.0,1.0,0,0,0,0,0
werr0.80_wrp0.60,0.8,0.2,0.6,30,The algorithm updates x_{k+1} = x_k + beta(x_k - x_{k-1}) - alpha * grad(f)(x_k),COMPLETED,74.44,1,True,PASS_MINOR,PASS_MINOR,4,0.6,0.0,0.0,1.0,0,1,-1,1,1
werr0.80_wrp0.60,0.8,0.2,0.6,31,The algorithm solves linear minimization oracle s_k = argmin_{s in C} <grad(f)(x,COMPLETED,69.2,1,True,PASS,PASS,5,1.0,0.0,0.0,1.0,0,0,0,0,0
werr0.80_wrp0.60,0.8,0.2,0.6,32,The algorithm solves linear minimization oracle s_k = argmin_{s in C} <grad(f)(x,COMPLETED,185.28,1,True,PASS_MINOR,PASS_MINOR,4,0.92,0.0,0.0,1.0,0,0,0,0,0
werr0.80_wrp0.60,0.8,0.2,0.6,33,The algorithm solves linear minimization oracle s_k = argmin_{s in C} <grad(f)(x,COMPLETED,69.78,1,True,PASS,PASS,5,1.0,0.0,0.0,1.0,0,0,0,0,0
werr0.80_wrp0.60,0.8,0.2,0.6,34,"The algorithm clips gradients: g_t = grad(f)(x_t) / max(1, ||grad(f)(x_t)||/C). ",COMPLETED,82.22,1,True,PASS,PASS,5,1.0,0.0,0.0,1.0,0,0,0,0,0
werr0.80_wrp0.60,0.8,0.2,0.6,35,"The algorithm clips gradients: g_t = grad(f)(x_t) / max(1, ||grad(f)(x_t)||/C). ",COMPLETED,72.44,1,True,PASS_MINOR,PASS_MINOR,4,0.88,0.0,0.0,1.0,0,0,0,0,0
werr0.80_wrp0.60,0.8,0.2,0.6,36,The algorithm uses stochastic Hessian estimates H_t. Update: x_{k+1} = x_t - alp,COMPLETED,83.67,1,True,PASS_MINOR,PASS_MINOR,4,0.6,0.0,0.0,1.0,0,1,-1,2,2
werr0.80_wrp0.60,0.8,0.2,0.6,37,The algorithm uses stochastic Hessian estimates H_t. Update: x_{k+1} = x_t - alp,COMPLETED,177.27,2,True,FAIL,PASS_MINOR,4,1.0,1.0,0.0,1.0,3,0,3,4,0
werr0.80_wrp0.60,0.8,0.2,0.6,38,The algorithm maintains dual variables y_k and primal x_k. Updates involve gradi,COMPLETED,98.24,1,True,PASS,PASS,5,1.0,0.0,0.0,1.0,0,0,0,0,0
werr0.80_wrp0.60,0.8,0.2,0.6,39,The algorithm maintains dual variables y_k and primal x_k. Updates involve gradi,COMPLETED,72.15,1,True,PASS,PASS,5,1.0,0.0,0.0,1.0,0,0,0,0,0
werr0.80_wrp0.60,0.8,0.2,0.6,40,"The algorithm minimizes max_x min_y L(x,y). Updates x via gradient ascent and y ",COMPLETED,107.05,1,True,PASS,PASS,5,1.0,0.0,0.0,1.0,0,0,0,0,0
werr0.80_wrp0.60,0.8,0.2,0.6,41,"The algorithm minimizes max_x min_y L(x,y). Updates x via gradient ascent and y ",COMPLETED,67.74,1,True,PASS_MINOR,PASS_MINOR,4,0.6,0.0,0.0,1.0,0,1,-1,1,1
werr0.80_wrp0.60,0.8,0.2,0.6,42,"The algorithm minimizes max_x min_y L(x,y). Uses extra gradient step: x_{k+1/2} ",COMPLETED,74.66,1,True,PASS,PASS,5,1.0,0.0,0.0,1.0,0,0,0,0,0
werr0.80_wrp0.60,0.8,0.2,0.6,43,"The algorithm minimizes max_x min_y L(x,y). Uses optimistic update: uses gradien",COMPLETED,75.41,1,True,PASS,PASS,5,1.0,0.0,0.0,1.0,0,0,0,0,0
werr0.80_wrp0.60,0.8,0.2,0.6,44,The algorithm adds Gaussian noise to gradients at each step: g_t = grad(f)(x_t) ,COMPLETED,145.85,2,True,FAIL,PASS,5,1.0,1.0,0.0,1.0,1,0,1,3,0
werr0.80_wrp0.60,0.8,0.2,0.6,45,The algorithm adds Gaussian noise to gradients at each step: g_t = grad(f)(x_t) ,COMPLETED,78.57,1,True,PASS,PASS,5,1.0,0.0,0.0,1.0,0,0,0,0,0
werr0.80_wrp0.60,0.8,0.2,0.6,46,The algorithm maintains a running average of gradients A_k = sum_{i=1}^k g_i. St,COMPLETED,110.69,1,True,PASS_MINOR,PASS_MINOR,4,0.8,0.0,0.0,1.0,0,0,0,0,0
werr0.80_wrp0.60,0.8,0.2,0.6,47,The algorithm maintains a running average of gradients A_k = sum_{i=1}^k g_i. St,COMPLETED,243.34,1,True,PASS,PASS,5,1.0,0.0,0.0,1.0,0,0,0,0,0
werr0.80_wrp0.60,0.8,0.2,0.6,48,The algorithm maintains a running average of squared gradients v_t = beta * v_{t,COMPLETED,69.33,1,True,PASS_MINOR,PASS_MINOR,4,0.88,0.0,0.0,1.0,0,0,0,0,0
werr0.80_wrp0.60,0.8,0.2,0.6,49,The algorithm uses a trust region constraint ||x - x_k|| <= Delta. Solves subpro,COMPLETED,111.29,1,True,PASS_MINOR,PASS_MINOR,4,1.0,0.0,0.0,1.0,0,0,0,0,0
werr0.80_wrp0.60,0.8,0.2,0.6,50,The algorithm uses a trust region constraint ||x - x_k|| <= Delta. Solves subpro,COMPLETED,81.99,1,True,PASS,PASS,5,1.0,0.0,0.0,1.0,0,0,0,0,0
werr0.80_wrp0.60,0.8,0.2,0.6,51,The algorithm updates x_{k+1} = x_k - alpha * grad(f)(x_k) + noise_k. Noise vari,COMPLETED,117.37,1,True,PASS,PASS,5,1.0,0.0,0.0,1.0,0,0,0,0,0
werr0.80_wrp0.60,0.8,0.2,0.6,52,The algorithm updates x_{k+1} = x_k - alpha * grad(f)(x_k) + noise_k. Noise vari,COMPLETED,99.82,1,True,PASS_MINOR,PASS_MINOR,4,0.6,0.0,0.0,1.0,0,1,-1,1,1
werr0.80_wrp0.60,0.8,0.2,0.6,53,The algorithm maintains a snapshot of weights every k steps. Uses interpolation ,COMPLETED,65.41,1,True,PASS,PASS,5,1.0,0.0,0.0,1.0,0,0,0,0,0
werr0.80_wrp0.60,0.8,0.2,0.6,54,The algorithm uses a cyclic learning rate schedule. Step size varies between eta,COMPLETED,158.53,1,True,PASS,PASS,5,1.0,0.0,0.0,1.0,0,0,0,0,0
werr0.80_wrp0.60,0.8,0.2,0.6,55,The algorithm uses a warm restart schedule. Step size resets to eta_max every M ,COMPLETED,79.28,1,True,PASS,PASS,5,1.0,0.0,0.0,1.0,0,0,0,0,0
werr0.80_wrp0.60,0.8,0.2,0.6,56,The algorithm selects a random subset of coordinates at each step (block coordin,COMPLETED,238.25,2,True,FAIL,PASS,5,1.0,1.0,0.0,1.0,1,0,1,1,0
werr0.80_wrp0.60,0.8,0.2,0.6,57,The algorithm selects a random subset of coordinates at each step (block coordin,COMPLETED,74.52,1,True,PASS,PASS,5,1.0,0.0,0.0,1.0,0,0,0,0,0
werr0.80_wrp0.60,0.8,0.2,0.6,58,The algorithm uses a quantized gradient operator Q(g) such that E[Q(g)] = g. Com,COMPLETED,61.51,1,True,PASS,PASS,5,1.0,0.0,0.0,1.0,0,0,0,0,0
werr0.80_wrp0.60,0.8,0.2,0.6,59,The algorithm uses a quantized gradient operator Q(g) such that E[Q(g)] = g. Com,COMPLETED,97.06,1,True,PASS,PASS,5,1.0,0.0,0.0,1.0,0,0,0,0,0
werr0.80_wrp0.60,0.8,0.2,0.6,60,The algorithm uses error feedback: stores quantization error e_k and adds it to ,COMPLETED,69.5,1,True,PASS_MINOR,PASS_MINOR,4,1.0,0.0,0.0,1.0,0,0,0,0,0
werr0.80_wrp0.60,0.8,0.2,0.6,61,The algorithm uses a sparse gradient operator: only top-K largest magnitude grad,COMPLETED,359.95,3,True,FAIL,PASS,5,1.0,1.0,0.0,1.0,0,0,0,3,0
werr0.80_wrp0.60,0.8,0.2,0.6,62,The algorithm uses a sparse gradient operator: only top-K largest magnitude grad,COMPLETED,84.81,1,True,PASS,PASS,5,1.0,0.0,0.0,1.0,0,0,0,0,0
werr0.80_wrp0.80,0.8,0.2,0.8,0,The algorithm maintains two sequences x_k and y_k. Update: y_k = x_k + beta_k(x_,COMPLETED,151.94,1,True,PASS_MINOR,PASS_MINOR,4,1.0,0.0,0.0,1.0,0,0,0,0,0
werr0.80_wrp0.80,0.8,0.2,0.8,1,The algorithm maintains two sequences x_k and y_k. Update: y_k = x_k + beta_k(x_,COMPLETED,100.08,1,True,PASS,PASS,5,1.0,0.0,0.0,1.0,0,0,0,0,0
werr0.80_wrp0.80,0.8,0.2,0.8,2,The algorithm maintains two sequences x_k and y_k. Update: y_k = x_k + beta_k(x_,COMPLETED,92.51,1,True,PASS,PASS,5,1.0,0.0,0.0,1.0,0,0,0,0,0
werr0.80_wrp0.80,0.8,0.2,0.8,3,"The algorithm updates parameters via x_{k+1} = argmin_x { <grad(f)(x_k), x> + (1",COMPLETED,72.12,1,True,PASS,PASS,5,1.0,0.0,0.0,1.0,0,0,0,0,0
werr0.80_wrp0.80,0.8,0.2,0.8,4,"The algorithm updates parameters via x_{k+1} = argmin_x { <grad(f)(x_k), x> + (1",COMPLETED,97.34,1,True,PASS_MINOR,PASS_MINOR,4,0.54,0.0,0.0,1.0,0,1,-1,3,3
werr0.80_wrp0.80,0.8,0.2,0.8,5,The algorithm uses a double-loop structure. Outer loop updates full gradient. In,COMPLETED,57.28,1,True,PASS,PASS,5,1.0,0.0,0.0,1.0,0,0,0,0,0
werr0.80_wrp0.80,0.8,0.2,0.8,6,The algorithm uses a double-loop structure. Outer loop updates full gradient. In,COMPLETED,76.74,1,True,PASS,PASS,5,1.0,0.0,0.0,1.0,0,0,0,0,0
werr0.80_wrp0.80,0.8,0.2,0.8,7,The algorithm uses a double-loop structure. Outer loop updates full gradient. In,COMPLETED,99.37,1,True,PASS,PASS,5,1.0,0.0,0.0,1.0,0,0,0,0,0
werr0.80_wrp0.80,0.8,0.2,0.8,8,The algorithm maintains a table of past gradients phi_i. Update: x_{k+1} = x_k -,COMPLETED,64.34,1,True,PASS,PASS,5,1.0,0.0,0.0,1.0,0,0,0,0,0
werr0.80_wrp0.80,0.8,0.2,0.8,9,The algorithm maintains a table of past gradients phi_i. Update: x_{k+1} = x_k -,COMPLETED,84.29,1,True,PASS,PASS,5,1.0,0.0,0.0,1.0,0,0,0,0,0
werr0.80_wrp0.80,0.8,0.2,0.8,10,The algorithm maintains a recursive variance estimator v_t = (1-alpha)v_{t-1} + ,COMPLETED,172.21,2,True,FAIL,PASS,5,1.0,1.0,0.0,1.0,0,0,0,0,0
werr0.80_wrp0.80,0.8,0.2,0.8,11,The algorithm maintains a recursive variance estimator v_t = (1-alpha)v_{t-1} + ,COMPLETED,136.67,1,True,PASS,PASS,5,1.0,0.0,0.0,1.0,0,0,0,0,0
werr0.80_wrp0.80,0.8,0.2,0.8,12,The algorithm maintains exponential moving averages m_t and v_t. Update includes,COMPLETED,83.66,1,True,PASS,PASS,5,1.0,0.0,0.0,1.0,0,0,0,0,0
werr0.80_wrp0.80,0.8,0.2,0.8,13,The algorithm maintains exponential moving averages m_t and v_t. Update includes,COMPLETED,136.4,1,True,PASS_MINOR,PASS_MINOR,4,1.0,0.0,0.0,1.0,0,0,0,0,0
werr0.80_wrp0.80,0.8,0.2,0.8,14,The algorithm updates parameters using only the sign of the gradient: x_{k+1} = ,COMPLETED,68.92,1,True,PASS,PASS,5,1.0,0.0,0.0,1.0,0,0,0,0,0
werr0.80_wrp0.80,0.8,0.2,0.8,15,The algorithm updates parameters using only the sign of the gradient: x_{k+1} = ,COMPLETED,168.87,2,True,CONDITIONAL,PASS,5,1.0,1.0,0.0,1.0,1,0,1,1,0
werr0.80_wrp0.80,0.8,0.2,0.8,16,The algorithm performs local SGD steps on K clients for E epochs before averagin,COMPLETED,119.21,1,False,CONDITIONAL,CONDITIONAL,3,0.4,0.0,0.0,1.0,0,0,0,0,0
werr0.80_wrp0.80,0.8,0.2,0.8,17,The algorithm performs local SGD steps on K clients for E epochs before averagin,COMPLETED,69.15,1,True,PASS,PASS,5,1.0,0.0,0.0,1.0,0,0,0,0,0
werr0.80_wrp0.80,0.8,0.2,0.8,18,The algorithm performs local SGD steps on K clients for E epochs. Clients minimi,COMPLETED,156.86,1,True,PASS,PASS,5,1.0,0.0,0.0,1.0,0,0,0,0,0
werr0.80_wrp0.80,0.8,0.2,0.8,19,The algorithm performs local SGD steps on K clients for E epochs. Clients minimi,COMPLETED,166.41,1,True,PASS_MINOR,PASS_MINOR,4,0.88,0.0,0.0,1.0,0,0,0,0,0
werr0.80_wrp0.80,0.8,0.2,0.8,20,The algorithm updates x_{k+1} = prox_{eta*g}(x_k - eta * grad(f)(x_k)). Proof mu,COMPLETED,62.31,1,True,PASS,PASS,5,1.0,0.0,0.0,1.0,0,0,0,0,0
werr0.80_wrp0.80,0.8,0.2,0.8,21,The algorithm updates x_{k+1} = prox_{eta*g}(x_k - eta * grad(f)(x_k)). Proof mu,COMPLETED,83.82,1,True,PASS,PASS,5,1.0,0.0,0.0,1.0,0,0,0,0,0
werr0.80_wrp0.80,0.8,0.2,0.8,22,The algorithm updates x_{k+1} = prox_{eta*g}(x_k - eta * grad(f)(x_k)). Proof mu,COMPLETED,61.08,1,True,PASS_MINOR,PASS_MINOR,4,1.0,0.0,0.0,1.0,0,0,0,0,0
werr0.80_wrp0.80,0.8,0.2,0.8,23,The algorithm updates x_{k+1} = prox_{eta*g}(x_k - eta * grad(f)(x_k)). Proof mu,COMPLETED,56.95,1,True,PASS,PASS,5,1.0,0.0,0.0,1.0,0,0,0,0,0
werr0.80_wrp0.80,0.8,0.2,0.8,24,The algorithm updates x_{k+1} = prox_{eta*g}(x_k - eta * grad(f)(x_k)). Uses mom,COMPLETED,86.06,1,True,PASS,PASS,5,1.0,0.0,0.0,1.0,0,0,0,0,0
werr0.80_wrp0.80,0.8,0.2,0.8,25,The algorithm updates x_{k+1} = prox_{eta*g}(x_k - eta * grad(f)(x_k)). Uses mom,COMPLETED,108.49,1,True,PASS_MINOR,PASS_MINOR,4,0.6,0.0,0.0,1.0,0,1,-1,1,1
werr0.80_wrp0.80,0.8,0.2,0.8,26,The algorithm selects coordinate i_k with probability p_i. Update only affects c,COMPLETED,120.22,1,True,PASS_MINOR,PASS_MINOR,4,1.0,0.0,0.0,1.0,0,0,0,0,0
werr0.80_wrp0.80,0.8,0.2,0.8,27,The algorithm selects coordinate i_k with probability p_i. Update only affects c,COMPLETED,114.73,1,True,PASS,PASS,5,1.0,0.0,0.0,1.0,0,0,0,0,0
werr0.80_wrp0.80,0.8,0.2,0.8,28,The algorithm selects coordinate i_k with probability p_i. Update only affects c,COMPLETED,83.84,1,True,PASS_MINOR,PASS_MINOR,4,1.0,0.0,0.0,1.0,0,0,0,0,0
werr0.80_wrp0.80,0.8,0.2,0.8,29,The algorithm updates x_{k+1} = x_k + beta(x_k - x_{k-1}) - alpha * grad(f)(x_k),COMPLETED,84.67,1,True,PASS,PASS,5,1.0,0.0,0.0,1.0,0,0,0,0,0
werr0.80_wrp0.80,0.8,0.2,0.8,30,The algorithm updates x_{k+1} = x_k + beta(x_k - x_{k-1}) - alpha * grad(f)(x_k),COMPLETED,100.48,1,True,PASS,PASS,5,1.0,0.0,0.0,1.0,0,0,0,0,0
werr0.80_wrp0.80,0.8,0.2,0.8,31,The algorithm solves linear minimization oracle s_k = argmin_{s in C} <grad(f)(x,COMPLETED,68.2,1,True,PASS,PASS,5,1.0,0.0,0.0,1.0,0,0,0,0,0
werr0.80_wrp0.80,0.8,0.2,0.8,32,The algorithm solves linear minimization oracle s_k = argmin_{s in C} <grad(f)(x,COMPLETED,75.82,1,True,PASS,PASS,5,1.0,0.0,0.0,1.0,0,0,0,0,0
werr0.80_wrp0.80,0.8,0.2,0.8,33,The algorithm solves linear minimization oracle s_k = argmin_{s in C} <grad(f)(x,COMPLETED,86.76,1,True,PASS,PASS,5,1.0,0.0,0.0,1.0,0,0,0,0,0
werr0.80_wrp0.80,0.8,0.2,0.8,34,"The algorithm clips gradients: g_t = grad(f)(x_t) / max(1, ||grad(f)(x_t)||/C). ",COMPLETED,79.28,1,True,PASS,PASS,5,1.0,0.0,0.0,1.0,0,0,0,0,0
werr0.80_wrp0.80,0.8,0.2,0.8,35,"The algorithm clips gradients: g_t = grad(f)(x_t) / max(1, ||grad(f)(x_t)||/C). ",COMPLETED,74.58,1,True,PASS,PASS,5,1.0,0.0,0.0,1.0,0,0,0,0,0
werr0.80_wrp0.80,0.8,0.2,0.8,36,The algorithm uses stochastic Hessian estimates H_t. Update: x_{k+1} = x_t - alp,COMPLETED,145.92,1,False,FAIL,FAIL,2,0.4,0.0,0.0,1.0,0,0,0,0,0
werr0.80_wrp0.80,0.8,0.2,0.8,37,The algorithm uses stochastic Hessian estimates H_t. Update: x_{k+1} = x_t - alp,COMPLETED,198.64,2,False,CONDITIONAL,CONDITIONAL,3,1.0,1.0,0.0,1.0,0,0,0,0,0
werr0.80_wrp0.80,0.8,0.2,0.8,38,The algorithm maintains dual variables y_k and primal x_k. Updates involve gradi,COMPLETED,81.28,1,True,PASS,PASS,5,1.0,0.0,0.0,1.0,0,0,0,0,0
werr0.80_wrp0.80,0.8,0.2,0.8,39,The algorithm maintains dual variables y_k and primal x_k. Updates involve gradi,COMPLETED,88.81,1,True,PASS,PASS,5,1.0,0.0,0.0,1.0,0,0,0,0,0
werr0.80_wrp0.80,0.8,0.2,0.8,40,"The algorithm minimizes max_x min_y L(x,y). Updates x via gradient ascent and y ",COMPLETED,76.6,1,True,PASS,PASS,5,1.0,0.0,0.0,1.0,0,0,0,0,0
werr0.80_wrp0.80,0.8,0.2,0.8,41,"The algorithm minimizes max_x min_y L(x,y). Updates x via gradient ascent and y ",COMPLETED,66.11,1,True,PASS,PASS,5,1.0,0.0,0.0,1.0,0,0,0,0,0
werr0.80_wrp0.80,0.8,0.2,0.8,42,"The algorithm minimizes max_x min_y L(x,y). Uses extra gradient step: x_{k+1/2} ",COMPLETED,178.04,1,True,PASS,PASS,5,1.0,0.0,0.0,1.0,0,0,0,0,0
werr0.80_wrp0.80,0.8,0.2,0.8,43,"The algorithm minimizes max_x min_y L(x,y). Uses optimistic update: uses gradien",COMPLETED,72.84,1,True,PASS,PASS,5,1.0,0.0,0.0,1.0,0,0,0,0,0
werr0.80_wrp0.80,0.8,0.2,0.8,44,The algorithm adds Gaussian noise to gradients at each step: g_t = grad(f)(x_t) ,COMPLETED,121.15,1,True,PASS_MINOR,PASS_MINOR,4,0.92,0.0,0.0,1.0,0,0,0,0,0
werr0.80_wrp0.80,0.8,0.2,0.8,45,The algorithm adds Gaussian noise to gradients at each step: g_t = grad(f)(x_t) ,COMPLETED,103.22,1,True,PASS,PASS,5,1.0,0.0,0.0,1.0,0,0,0,0,0
werr0.80_wrp0.80,0.8,0.2,0.8,46,The algorithm maintains a running average of gradients A_k = sum_{i=1}^k g_i. St,COMPLETED,307.47,2,True,FAIL,PASS,5,1.0,1.0,0.0,1.0,0,0,0,0,0
werr0.80_wrp0.80,0.8,0.2,0.8,47,The algorithm maintains a running average of gradients A_k = sum_{i=1}^k g_i. St,COMPLETED,64.76,1,True,PASS,PASS,5,1.0,0.0,0.0,1.0,0,0,0,0,0
werr0.80_wrp0.80,0.8,0.2,0.8,48,The algorithm maintains a running average of squared gradients v_t = beta * v_{t,COMPLETED,80.91,1,True,PASS_MINOR,PASS_MINOR,4,0.8,0.0,0.0,1.0,0,0,0,0,0
werr0.80_wrp0.80,0.8,0.2,0.8,49,The algorithm uses a trust region constraint ||x - x_k|| <= Delta. Solves subpro,COMPLETED,99.73,1,True,PASS_MINOR,PASS_MINOR,4,0.6,0.0,0.0,1.0,0,1,-1,1,1
werr0.80_wrp0.80,0.8,0.2,0.8,50,The algorithm uses a trust region constraint ||x - x_k|| <= Delta. Solves subpro,COMPLETED,70.83,1,True,PASS,PASS,5,1.0,0.0,0.0,1.0,0,0,0,0,0
werr0.80_wrp0.80,0.8,0.2,0.8,51,The algorithm updates x_{k+1} = x_k - alpha * grad(f)(x_k) + noise_k. Noise vari,COMPLETED,55.74,1,True,PASS,PASS,5,1.0,0.0,0.0,1.0,0,0,0,0,0
werr0.80_wrp0.80,0.8,0.2,0.8,52,The algorithm updates x_{k+1} = x_k - alpha * grad(f)(x_k) + noise_k. Noise vari,COMPLETED,83.59,1,True,PASS,PASS,5,1.0,0.0,0.0,1.0,0,0,0,0,0
werr0.80_wrp0.80,0.8,0.2,0.8,53,The algorithm maintains a snapshot of weights every k steps. Uses interpolation ,COMPLETED,78.49,1,True,PASS,PASS,5,1.0,0.0,0.0,1.0,0,0,0,0,0
werr0.80_wrp0.80,0.8,0.2,0.8,54,The algorithm uses a cyclic learning rate schedule. Step size varies between eta,COMPLETED,63.64,1,True,PASS,PASS,5,1.0,0.0,0.0,1.0,0,0,0,0,0
werr0.80_wrp0.80,0.8,0.2,0.8,55,The algorithm uses a warm restart schedule. Step size resets to eta_max every M ,COMPLETED,67.35,1,True,PASS,PASS,5,1.0,0.0,0.0,1.0,0,0,0,0,0
werr0.80_wrp0.80,0.8,0.2,0.8,56,The algorithm selects a random subset of coordinates at each step (block coordin,COMPLETED,68.74,1,True,PASS,PASS,5,1.0,0.0,0.0,1.0,0,0,0,0,0
werr0.80_wrp0.80,0.8,0.2,0.8,57,The algorithm selects a random subset of coordinates at each step (block coordin,COMPLETED,73.09,1,True,PASS,PASS,5,1.0,0.0,0.0,1.0,0,0,0,0,0
werr0.80_wrp0.80,0.8,0.2,0.8,58,The algorithm uses a quantized gradient operator Q(g) such that E[Q(g)] = g. Com,COMPLETED,69.49,1,True,PASS,PASS,5,1.0,0.0,0.0,1.0,0,0,0,0,0
werr0.80_wrp0.80,0.8,0.2,0.8,59,The algorithm uses a quantized gradient operator Q(g) such that E[Q(g)] = g. Com,COMPLETED,137.28,2,True,FAIL,PASS,5,1.0,1.0,0.0,1.0,1,0,1,1,0
werr0.80_wrp0.80,0.8,0.2,0.8,60,The algorithm uses error feedback: stores quantization error e_k and adds it to ,COMPLETED,69.88,1,True,PASS_MINOR,PASS_MINOR,4,0.8,0.0,0.0,1.0,0,0,0,0,0
werr0.80_wrp0.80,0.8,0.2,0.8,61,The algorithm uses a sparse gradient operator: only top-K largest magnitude grad,COMPLETED,79.04,1,True,PASS,PASS,5,1.0,0.0,0.0,1.0,0,0,0,0,0
werr0.80_wrp0.80,0.8,0.2,0.8,62,The algorithm uses a sparse gradient operator: only top-K largest magnitude grad,COMPLETED,154.12,1,False,CONDITIONAL,CONDITIONAL,3,0.6,0.0,0.0,1.0,0,0,0,0,0
